Filename	Dim1	Dim2	Dim3	Dim4	Dim5	Dim6	TextType
128_PRATCHETT1988DW06TERS_1.txt.txt	7.9591	7.1519	-2.0585	-1.1165	-2.2755	-1.3262	Imaginative narrative
138_PRATCHETT1991DW11RMAN_3.txt.txt	1.8238	4.6103	-2.4008	-0.3401	-1.1613	-1.7666	Imaginative narrative
148_PRATCHETT1994DW17IMES_2.txt.txt	2.5246	4.8834	0.0860	0.2883	-0.3930	-1.0764	Imaginative narrative
184_Paolini2002Eragon_2.txt.txt	-5.4008	5.2795	-1.4853	-0.4630	-0.3653	-2.0459	General narrative exposition
180_PRATCHETT2001DW28ENTS_3.txt.txt	11.1602	5.6677	0.3781	-0.6071	-3.1197	-1.5612	Imaginative narrative
141_PRATCHETT1992DW13GODS_1.txt.txt	5.7740	6.5428	-0.1309	-0.1939	-1.0216	-0.7283	Imaginative narrative
195_TalesofaFourthGradeNothingJudyBlume_3.txt.txt	10.1825	4.3835	-0.6371	-0.4964	-0.2105	-1.5820	Imaginative narrative
172_PRATCHETT2000DW25RUTH_3.txt.txt	12.2714	6.9249	-0.6026	-0.5496	-1.2514	-1.1771	Imaginative narrative
119_FamilyResemblance_4.txt.txt	5.4403	5.5639	-2.7350	-0.9712	-2.0181	-1.5271	Imaginative narrative
178_PRATCHETT2001DW26TIME_2.txt.txt	4.1296	6.5716	-1.3724	-0.5836	-1.8478	-1.6798	Imaginative narrative
149_PULLMAN1995DM01PASS_4.txt.txt	5.7876	2.3244	-1.1216	0.7674	-1.9317	-1.0642	Imaginative narrative
190_Hosseini2003KiteRunner_2.txt.txt	1.4629	4.6494	-0.5468	-0.6293	-2.3157	-1.8069	Imaginative narrative
105_Flowersintheattic_4.txt.txt	4.1086	3.0433	-1.7630	1.1901	-1.2788	-1.3374	Imaginative narrative
133_GAIMANPRATCHETT1990GOODMENS_4.txt.txt	-1.2972	6.3511	0.7352	-0.9268	0.1817	-0.9614	Imaginative narrative
183_PRATCHETT2002DW29ATCH_4.txt.txt	10.7730	5.9953	-2.4816	0.3687	-1.5135	-1.5431	Imaginative narrative
124_PRATCHETT1987DW04MORT_4.txt.txt	4.1932	3.5026	-1.3956	-0.3280	-1.0271	-1.5698	Imaginative narrative
131_PRATCHETT1989DW08ARDS_3.txt.txt	1.2570	6.5660	-1.1129	-3.3568	-1.1063	-1.7788	Imaginative narrative
186_PRATCHETT2003DW30EMEN_3.txt.txt	5.9793	5.9717	-2.6246	-1.0321	-1.9733	-2.2976	Imaginative narrative
126_IslandoftheBlueDolphinsScottODell_1.txt.txt	1.4200	6.5624	-2.6032	-0.3169	-0.1806	-0.8776	Imaginative narrative
159_TUBB1997THERTURN_3.txt.txt	-3.9892	8.9421	4.1635	3.7826	-0.8345	-2.5957	General narrative exposition
192_PRATCHETT2004DW32FSKY.en_2.txt.txt	9.7217	5.7699	-2.5544	0.4700	0.1220	-1.7000	Imaginative narrative
162_PRATCHETT1998DW22NENT_1.txt.txt	4.1804	5.0213	-1.5909	0.1646	-1.6365	-1.1360	Imaginative narrative
193_PRATCHETT2004DW33STAL.en_2.txt.txt	0.8916	5.3331	-2.2573	-1.8318	-0.7899	-0.9367	Imaginative narrative
190_Hosseini2003KiteRunner_4.txt.txt	-4.1119	5.7678	-0.5987	-3.0842	-1.0619	-1.4655	General narrative exposition
147_PRATCHETT1994DW16USIC_2.txt.txt	8.5064	5.6248	-2.0923	0.5038	-1.1533	-1.7116	Imaginative narrative
156_ThePhantomTollboothNortonJuster_4.txt.txt	12.8207	6.4071	-1.9976	3.1767	-0.9783	-1.2884	Imaginative narrative
198_BEChildrenRowlingJ.HarryPotterandtheHalfBloodPrince_2.txt.txt	5.6441	7.9944	-1.0461	0.3465	-1.6355	-0.7150	Imaginative narrative
189_FromtheMixedUpFilesofMrs.E.L.Konigsburg_2.txt.txt	5.7029	3.4952	-0.6853	3.0950	0.7633	-0.2674	Imaginative narrative
174_BEChildrenRowlingJHarryPotterandtheGobletofFire_3.txt.txt	-8.5990	5.8268	-1.9675	-2.2427	-0.8320	-2.1345	General narrative exposition
171_Snicket1999BadBeginning_2.txt.txt	6.4995	6.0951	-1.0364	2.7901	-1.7279	-1.6099	Imaginative narrative
199_TheLightningThiefRiordanRick_2.txt.txt	7.4117	2.5960	-0.8215	-0.0335	-0.7501	-2.4719	Imaginative narrative
170_BEChildrenRowlingJHarryPotterandthePrisonerofAzkaban_4.txt.txt	1.9469	8.3238	-2.7611	1.0138	-1.2997	-1.3802	Imaginative narrative
145_TheGiverLoisLowry_1.txt.txt	7.9912	7.7653	-2.0070	0.7236	-1.0983	-0.2522	Imaginative narrative
104_BunniculaDeborahHowe_4.txt.txt	12.9275	2.4357	-2.2324	0.0924	0.2111	-0.7321	Imaginative narrative
150_Blyton1994FamousFive_1.txt.txt	7.3399	7.6390	-2.8914	0.5333	-2.1990	-0.6112	Imaginative narrative
111_ALightintheAttic_1.txt.txt	2.0577	0.2341	1.4895	-1.9352	-1.9674	-1.9365	Involved persuasion
185_HADDON2003THECTIME_2.txt.txt	19.7898	4.3415	0.1854	-4.8415	-2.0527	-1.6426	Informational interaction
115_Valentine_FindingVioletPark_4.txt.txt	12.4108	0.4542	-0.3988	0.4990	-1.4362	-1.3576	Involved persuasion
166_MatildaDahlRoald_1.txt.txt	7.1181	4.6470	-0.9087	-0.2834	-1.4594	0.1011	Imaginative narrative
148_PRATCHETT1994DW17IMES_1.txt.txt	5.3159	3.8142	-2.3714	-1.5424	-0.2745	-0.7838	Imaginative narrative
152_GOLDING1995THEDNGUE_2.txt.txt	8.3088	0.0935	1.6044	0.3920	-0.0671	-0.6742	Involved persuasion
149_PULLMAN1995DM01PASS_2.txt.txt	9.6938	3.7323	-0.8134	0.4032	-1.3360	-2.0460	Imaginative narrative
181_BANKS2002DEADAIR_3.txt.txt	8.5476	1.8278	-1.1636	-0.3463	-1.9506	-1.2329	Imaginative narrative
116_TheWitches_4.txt.txt	4.2123	1.4295	-0.8153	-2.9368	-2.6955	0.0608	Imaginative narrative
200_Westerfeld2005Uglies_3.txt.txt	6.6512	5.6312	-2.4248	0.7295	-0.7452	-0.6105	Imaginative narrative
188_BEChildrenRowlingJHarryPotterandtheOrderofthePhoenix_1.txt.txt	-6.7380	5.3718	-0.0806	-1.0912	-0.7127	-2.8476	General narrative exposition
200_Westerfeld2005Uglies_4.txt.txt	-3.7154	5.8607	-1.6056	0.9045	-1.0728	-1.4957	General narrative exposition
195_TalesofaFourthGradeNothingJudyBlume_2.txt.txt	9.3234	5.3096	-2.0615	-1.0046	-1.5724	-1.9155	Imaginative narrative
175_SMITH2000WHITEETH_3.txt.txt	3.1099	2.1016	0.3169	-0.6410	-1.7907	-1.1495	Involved persuasion
182_GAIMAN2002CORALINE_3.txt.txt	4.3680	7.6049	-0.8894	-1.6130	-1.7592	-1.5324	Imaginative narrative
198_BEChildrenRowlingJ.HarryPotterandtheHalfBloodPrince_1.txt.txt	1.0801	8.1821	-0.6486	-1.1579	-0.6621	-0.7204	Imaginative narrative
125_WINTERSON2000THEPBOOK_4.txt.txt	8.0372	2.6647	-0.3407	0.4404	-1.4123	-1.1923	Imaginative narrative
197_PRATCHETT2005THESATCH.env2_4.txt.txt	-0.1627	1.8923	1.0289	-0.0783	-0.2934	-0.2068	Involved persuasion
101_Blume1978FreckleJuice_3.txt.txt	4.3364	3.1751	-2.3166	1.5093	-1.9878	-2.1688	Imaginative narrative
138_PRATCHETT1991DW11RMAN_4.txt.txt	0.7981	4.8829	-3.2982	-1.6109	-1.8812	-0.7241	Imaginative narrative
191_DELANEY2004THESTICE.enuk_1.txt.txt	12.8517	4.9479	-2.3573	5.0219	-0.4705	-1.4328	Imaginative narrative
179_PRATCHETT2001DW27HERO_3.txt.txt	5.5264	6.7714	-1.3573	-2.0408	-1.6184	-0.4196	Imaginative narrative
174_BEChildrenRowlingJHarryPotterandtheGobletofFire_4.txt.txt	1.6663	9.6447	-2.1288	2.1807	-1.3605	-0.9927	Imaginative narrative
122_Jacques1986Redwall_1.txt.txt	-7.9334	2.1726	-1.1498	-0.8564	-1.9648	-1.1485	General narrative exposition
137_Avi1990TrueCharlotteDoyle_2.txt.txt	8.6181	6.5422	-1.0188	1.7800	-0.8136	-1.1576	Imaginative narrative
112_RamonaQuimbyAge8BeverlyCleary_3.txt.txt	-3.3095	5.8114	1.0637	0.0264	-0.9396	-1.5760	General narrative exposition
148_PRATCHETT1994DW17IMES_3.txt.txt	1.5809	4.4751	-1.3579	0.0145	-2.0960	-1.3329	Imaginative narrative
169_PRATCHETT1999THESLD01_2.txt.txt	1.4048	-0.1831	-1.7861	1.2168	0.7725	-0.1474	Involved persuasion
168_PRATCHETT1999DW24HANT_4.txt.txt	7.4909	3.8870	-1.0938	-0.1160	-1.2838	-1.2246	Imaginative narrative
144_PRATCHETT1993JOHNDEAD_1.txt.txt	10.2726	6.7574	-2.3857	-1.1212	-1.7531	-1.7238	Imaginative narrative
139_PRATCHETT1991DW12ROAD_3.txt.txt	9.1244	3.8679	-1.0365	0.5860	-1.6831	-1.5929	Imaginative narrative
194_CressidaCowellHowtoTrainYoHowtoBeaPirate_3.txt.txt	-3.9329	4.2997	-0.4287	-2.6440	-2.4152	-0.8343	General narrative exposition
193_PRATCHETT2004DW33STAL.en_3.txt.txt	1.4653	4.4649	-0.5833	-0.0956	-0.7513	-0.7348	Imaginative narrative
127_PRATCHETT1988DW05CERY_3.txt.txt	2.8410	4.1320	-1.7866	-1.4407	-1.0074	-1.6107	Imaginative narrative
174_BEChildrenRowlingJHarryPotterandtheGobletofFire_2.txt.txt	-4.9373	7.5084	-3.0835	-0.9603	-1.2388	-2.5621	General narrative exposition
138_PRATCHETT1991DW11RMAN_1.txt.txt	1.3670	3.8640	-2.1246	-1.1242	-0.7839	-1.7965	Imaginative narrative
131_PRATCHETT1989DW08ARDS_2.txt.txt	7.6174	3.9791	-0.0116	-1.6235	-0.4336	-1.4450	Imaginative narrative
186_PRATCHETT2003DW30EMEN_1.txt.txt	7.0318	6.7444	-2.4629	-1.8283	-1.5211	-1.8776	Imaginative narrative
178_PRATCHETT2001DW26TIME_4.txt.txt	10.8936	6.1033	-0.9510	0.0514	-1.1883	-1.3026	Imaginative narrative
135_PRATCHETT1990DW09ERIC_1.txt.txt	5.5418	5.4535	-0.9180	-0.1466	-1.0046	-1.2557	Imaginative narrative
103_SNOW1974ACOANISH_4.txt.txt	10.2571	5.0460	0.0012	0.9323	-1.6039	0.3838	Imaginative narrative
127_PRATCHETT1988DW05CERY_2.txt.txt	-1.6788	6.3938	-1.9005	0.0134	-1.8894	-1.7057	Imaginative narrative
111_ALightintheAttic_2.txt.txt	3.5432	-0.8477	3.0340	-3.6631	-2.3789	-1.8198	Involved persuasion
160_EllaEnchantedUnbekannt_3.txt.txt	4.0830	5.1331	-1.1079	4.9924	1.1523	-2.0642	Imaginative narrative
184_Paolini2002Eragon_1.txt.txt	-5.6357	4.9010	-0.7095	2.2800	-0.7787	-2.3572	General narrative exposition
162_PRATCHETT1998DW22NENT_3.txt.txt	5.3329	4.3117	-0.9818	-0.3519	-0.9368	-1.3567	Imaginative narrative
129_Pratchett_Truckers_3.txt.txt	10.0561	4.5253	-2.1054	1.1592	-2.0271	-2.4855	Imaginative narrative
135_PRATCHETT1990DW09ERIC_2.txt.txt	9.1936	5.0159	-0.4243	1.4476	-0.9710	-0.8946	Imaginative narrative
192_PRATCHETT2004DW32FSKY.en_3.txt.txt	14.3287	2.5151	-0.8469	-2.4520	-1.1036	-1.0459	Imaginative narrative
151_Creech1994WalkTwoMoons_4.txt.txt	8.6023	5.2227	0.0266	0.2963	-1.7371	0.1843	Imaginative narrative
136_PRATCHETT1990DW10URES_4.txt.txt	5.8840	6.9430	-2.3635	-1.5468	-2.1243	-1.8853	Imaginative narrative
187_PRATCHETT2003DW31MENT_4.txt.txt	7.5799	5.3904	-0.1179	-0.3478	-1.7600	-1.6685	Imaginative narrative
106_GOLDING1980RITESAGE_4.txt.txt	-1.6464	1.7822	2.1529	-0.8798	-0.0360	-0.0295	General narrative exposition
165_HolesLouisSachar_4.txt.txt	1.7013	5.4133	-1.5195	3.1346	-0.9122	-1.8016	Imaginative narrative
199_TheLightningThiefRiordanRick_1.txt.txt	2.5338	3.5677	-0.6311	0.8884	-1.2841	-2.1123	Imaginative narrative
139_PRATCHETT1991DW12ROAD_1.txt.txt	6.6702	7.7379	-0.9316	-0.8270	-2.4600	-1.5233	Imaginative narrative
194_CressidaCowellHowtoTrainYoHowtoBeaPirate_1.txt.txt	-0.8146	5.2616	-0.1657	-1.8263	-1.6445	-1.5395	Imaginative narrative
125_WINTERSON2000THEPBOOK_2.txt.txt	6.9917	1.1896	0.8840	-1.0906	-2.2944	-1.4986	Involved persuasion
173_PULLMAN2000DM03LASS_3.txt.txt	5.7515	6.0913	-1.6482	0.9388	-1.4426	-1.4584	Imaginative narrative
107_SuperfudgeJudyBlume_4.txt.txt	12.4002	5.1391	-1.4157	0.9812	-2.4222	-1.3145	Imaginative narrative
130_PRATCHETT1989DW07MIDS_4.txt.txt	3.4270	5.3470	-1.4738	0.0192	-0.4756	-2.1024	Imaginative narrative
113_BEChildrenDahlRoaldTheBFG_2.txt.txt	1.3476	5.4685	-2.3888	0.5345	-2.5212	-1.7181	Imaginative narrative
144_PRATCHETT1993JOHNDEAD_3.txt.txt	12.0814	7.7212	-2.2930	-0.1843	-0.6835	-2.2586	Imaginative narrative
137_Avi1990TrueCharlotteDoyle_3.txt.txt	0.8787	7.5141	-1.3443	1.5441	-0.1911	-1.2667	Imaginative narrative
198_BEChildrenRowlingJ.HarryPotterandtheHalfBloodPrince_4.txt.txt	4.1354	8.3414	-1.5663	-0.1628	-0.7183	-1.8859	Imaginative narrative
111_ALightintheAttic_4.txt.txt	5.0792	0.3399	1.6203	-2.3910	-1.9865	-1.9519	Involved persuasion
112_RamonaQuimbyAge8BeverlyCleary_4.txt.txt	0.8383	5.8673	-0.7998	0.7202	-0.9114	-1.8976	Imaginative narrative
159_TUBB1997THERTURN_4.txt.txt	-8.2850	3.7393	3.9148	0.2085	0.5267	-2.1204	General narrative exposition
114_Mortal-Engines-Quartet_Hungry-City_Reeve_1.txt.txt	-6.3412	6.2494	-0.0129	-1.2374	-1.0216	-1.0277	General narrative exposition
163_PRATCHETT1998DW23ULUM_1.txt.txt	9.9840	7.0184	-1.8109	3.2526	-1.4886	-1.0145	Imaginative narrative
193_PRATCHETT2004DW33STAL.en_1.txt.txt	5.1570	4.1667	-0.9209	-1.3323	-2.3289	-1.2505	Imaginative narrative
127_PRATCHETT1988DW05CERY_1.txt.txt	3.2650	6.6202	-1.1769	-0.6856	-1.8787	-1.6096	Imaginative narrative
196_MCEWAN2005SATURDAY.en_1.txt.txt	-7.7398	4.4385	0.6854	-1.1404	-1.7528	-1.4119	General narrative exposition
170_BEChildrenRowlingJHarryPotterandthePrisonerofAzkaban_1.txt.txt	-4.0718	5.5366	-1.1113	-1.5308	-1.2372	-2.1247	General narrative exposition
149_PULLMAN1995DM01PASS_3.txt.txt	0.5631	4.4874	2.5468	-0.5434	-0.9436	-1.6433	Imaginative narrative
145_TheGiverLoisLowry_3.txt.txt	6.2615	7.4614	-1.0468	-0.3467	-0.9023	-0.4224	Imaginative narrative
157_PRATCHETT1997DW21INGO_3.txt.txt	8.8355	2.9244	-0.1576	1.4360	-0.8378	-0.9605	Imaginative narrative
149_PULLMAN1995DM01PASS_1.txt.txt	7.1718	2.5051	-0.6656	1.2805	-1.6475	-1.1072	Imaginative narrative
155_PRATCHETT1996JOHNBOMB_3.txt.txt	12.9002	7.3319	-0.8859	-0.4110	-1.7936	-1.5052	Imaginative narrative
120_PRATCHETT1986DW02STIC_4.txt.txt	0.4372	5.7007	-0.0096	-0.3876	-1.7778	-1.6737	Imaginative narrative
155_PRATCHETT1996JOHNBOMB_1.txt.txt	11.1243	7.1237	-2.0888	-0.1594	-2.8481	-2.2012	Imaginative narrative
168_PRATCHETT1999DW24HANT_1.txt.txt	6.9425	5.0045	-2.2542	1.3715	-0.1573	-0.9052	Imaginative narrative
153_PRATCHETT1995DW18RADE_1.txt.txt	4.5716	5.7786	-2.5408	1.2582	-2.1679	-2.2760	Imaginative narrative
145_TheGiverLoisLowry_2.txt.txt	2.9510	8.6717	0.6073	-0.2976	-1.1446	-0.7462	Imaginative narrative
123_Paulsen1986Hatchet_4.txt.txt	1.9973	7.9560	-1.0596	-2.0650	-1.3562	-1.5221	Imaginative narrative
180_PRATCHETT2001DW28ENTS_2.txt.txt	9.8976	4.6420	-1.1117	0.6080	-2.4968	-1.3587	Imaginative narrative
103_SNOW1974ACOANISH_3.txt.txt	16.4236	5.6237	-1.8223	1.1573	-1.7561	-0.1190	Imaginative narrative
197_PRATCHETT2005THESATCH.env2_2.txt.txt	-5.1036	1.0320	-1.2243	-1.0726	0.2536	-0.2274	General narrative exposition
166_MatildaDahlRoald_3.txt.txt	5.3186	3.8669	-1.1634	0.4620	-2.0041	-0.6402	Imaginative narrative
124_PRATCHETT1987DW04MORT_3.txt.txt	4.0811	5.5597	-1.7327	0.7669	-1.8910	-2.1955	Imaginative narrative
196_MCEWAN2005SATURDAY.en_4.txt.txt	-0.5857	2.4009	-0.7211	-0.5724	-1.2491	-1.4012	Imaginative narrative
146_BEChildrenMcEwanIanTheDaydreamer_1.txt.txt	0.3488	5.5945	-0.2042	0.0014	0.1480	-0.9065	Imaginative narrative
142_PRATCHETT1992DW14DIES_3.txt.txt	5.6857	4.3878	-2.2850	-2.5970	-0.6529	-2.0147	Imaginative narrative
197_PRATCHETT2005THESATCH.env2_1.txt.txt	2.5639	3.6508	0.2622	0.3252	0.4924	0.7755	Imaginative narrative
109_Auel1980ClanCaveBear_3.txt.txt	3.7565	5.7807	0.6160	1.8916	-1.1989	-1.7716	Imaginative narrative
137_Avi1990TrueCharlotteDoyle_4.txt.txt	6.7550	5.6570	-2.4780	2.0571	-1.2552	-0.9243	Imaginative narrative
108_IndianintheCupboard_1.txt.txt	2.0392	6.0709	-2.7238	0.1873	-2.4912	-2.3834	Imaginative narrative
140_ADAMS1992MOSTLESS_3.txt.txt	7.4453	3.9898	0.1894	0.9801	-0.2147	-1.4437	Imaginative narrative
179_PRATCHETT2001DW27HERO_2.txt.txt	6.5086	5.8003	-1.0703	1.7340	-1.2999	-1.3186	Imaginative narrative
194_CressidaCowellHowtoTrainYoHowtoBeaPirate_4.txt.txt	0.1183	3.9748	1.0112	-2.3121	-1.6105	-1.2898	Imaginative narrative
164_BEChildrenRowlingJHarryPotterandtheChamberofSecrets_2.txt.txt	-0.1403	6.0573	-0.3276	-2.7914	-1.2575	-1.9043	Imaginative narrative
118_ScottCard1985EndersGame_3.txt.txt	9.6724	4.4139	-1.1360	-1.1417	0.7924	-0.5179	Imaginative narrative
188_BEChildrenRowlingJHarryPotterandtheOrderofthePhoenix_4.txt.txt	0.9924	7.3155	-1.7447	0.6405	-0.6801	-1.8426	Imaginative narrative
104_BunniculaDeborahHowe_3.txt.txt	3.7632	3.2854	-0.1931	0.2563	0.9428	-0.6667	Imaginative narrative
147_PRATCHETT1994DW16USIC_3.txt.txt	9.2541	5.3186	-0.8249	-1.3402	-1.5958	-1.8202	Imaginative narrative
121_AbbyandtheMysteryBabyAnnM.Martin_4.txt.txt	12.2601	6.1919	-1.2158	3.9863	-1.8111	-1.2976	Imaginative narrative
155_PRATCHETT1996JOHNBOMB_2.txt.txt	12.9112	7.5488	-2.2171	-1.0979	-2.0636	-1.6489	Imaginative narrative
132_NumbertheStarsLoisLowry_4.txt.txt	2.3932	5.9484	-2.4324	1.2060	-0.5193	-0.9903	Imaginative narrative
196_MCEWAN2005SATURDAY.en_2.txt.txt	-9.5967	1.5073	1.6521	-1.8821	-0.6634	-1.6773	General narrative exposition
176_HowTheChildrenBecameStars_4.txt.txt	-1.4522	0.1643	-1.9587	0.1769	-1.1620	-1.6591	Involved persuasion
165_HolesLouisSachar_3.txt.txt	5.6680	5.5316	-1.2471	0.6211	-1.4809	-2.1643	Imaginative narrative
110_Dahl1980Twits_4.txt.txt	2.1370	3.7128	-1.7433	-0.8643	-1.3895	-1.8564	Imaginative narrative
107_SuperfudgeJudyBlume_3.txt.txt	15.5170	6.0983	-0.8290	2.5253	-2.2546	-2.0374	Imaginative narrative
188_BEChildrenRowlingJHarryPotterandtheOrderofthePhoenix_2.txt.txt	4.0485	9.6085	-1.4993	0.0310	-1.6134	-1.6562	Imaginative narrative
110_Dahl1980Twits_1.txt.txt	0.5702	1.2868	-0.5785	-0.4439	-1.7792	-1.5300	Involved persuasion
180_PRATCHETT2001DW28ENTS_1.txt.txt	9.4947	6.8180	-0.5336	-0.8734	-2.5203	-1.0817	Imaginative narrative
187_PRATCHETT2003DW31MENT_1.txt.txt	7.1445	7.8727	-1.5603	0.4138	-1.5167	-2.0566	Imaginative narrative
118_ScottCard1985EndersGame_1.txt.txt	11.7267	5.3254	-2.9986	2.3740	-2.0441	-1.4517	Imaginative narrative
146_BEChildrenMcEwanIanTheDaydreamer_3.txt.txt	-0.1022	5.6563	-0.2522	0.0890	0.1505	-0.9052	Imaginative narrative
157_PRATCHETT1997DW21INGO_4.txt.txt	5.3057	6.0556	-1.5467	0.0109	-2.0566	-1.9928	Imaginative narrative
177_Brown2000AngelsDemons_1.txt.txt	-9.6045	8.0672	-3.8886	-1.2864	-1.6675	-1.9107	General narrative exposition
161_Golden1997MemoirsGeisha_2.txt.txt	6.2844	1.9925	-2.2635	0.3547	0.8151	-1.1911	Imaginative narrative
121_AbbyandtheMysteryBabyAnnM.Martin_3.txt.txt	10.4648	7.3170	-1.5273	3.0276	-1.5023	-1.2809	Imaginative narrative
106_GOLDING1980RITESAGE_3.txt.txt	-3.2854	3.1101	1.8208	1.4998	0.1697	0.4838	General narrative exposition
176_HowTheChildrenBecameStars_1.txt.txt	-0.9606	2.9183	-0.2679	0.2640	-2.1914	-1.5477	Imaginative narrative
185_HADDON2003THECTIME_3.txt.txt	21.9433	3.5811	2.1304	0.3524	-1.3709	1.3684	Informational interaction
136_PRATCHETT1990DW10URES_1.txt.txt	7.6631	5.3994	0.6278	-0.1220	-1.5625	-1.9561	Imaginative narrative
134_PRATCHETT1990BROMGERS_1.txt.txt	10.6639	4.9960	-1.5724	-0.2690	-1.7039	-1.4891	Imaginative narrative
123_Paulsen1986Hatchet_1.txt.txt	2.9629	4.8328	-2.5326	-0.1997	-2.5285	-1.7912	Imaginative narrative
163_PRATCHETT1998DW23ULUM_2.txt.txt	9.4517	5.3270	-1.9953	1.3753	-0.5544	-1.4107	Imaginative narrative
173_PULLMAN2000DM03LASS_4.txt.txt	3.8876	5.1561	0.1795	-1.7055	-1.5853	-1.2564	Imaginative narrative
129_Pratchett_Truckers_2.txt.txt	10.0959	7.5450	-3.4894	0.6109	-1.2308	-1.1495	Imaginative narrative
183_PRATCHETT2002DW29ATCH_1.txt.txt	7.9031	5.5634	-2.1068	0.1645	-2.1813	-0.9166	Imaginative narrative
189_FromtheMixedUpFilesofMrs.E.L.Konigsburg_1.txt.txt	8.4933	2.3360	0.3264	3.0090	-0.7032	0.5633	Involved persuasion
171_Snicket1999BadBeginning_3.txt.txt	3.3532	5.7400	-0.6694	2.1844	-1.3900	-2.2203	Imaginative narrative
152_GOLDING1995THEDNGUE_1.txt.txt	7.5321	3.5975	0.4700	2.9183	0.2897	0.3214	Involved persuasion
117_MacLachlan1985PlainTall_3.txt.txt	-1.8328	6.5357	2.1205	-1.4286	-2.5396	-2.8874	Imaginative narrative
122_Jacques1986Redwall_2.txt.txt	-9.3482	2.9332	-0.0538	-1.3854	-1.0922	-1.9602	General narrative exposition
200_Westerfeld2005Uglies_2.txt.txt	8.2607	6.0877	-4.1176	1.8739	-0.9049	-0.7720	Imaginative narrative
154_PRATCHETT1996DW19CLAY_2.txt.txt	5.3755	6.1194	-2.1816	-1.1972	-2.2630	-1.4453	Imaginative narrative
105_Flowersintheattic_2.txt.txt	11.0059	2.5580	-2.9187	4.3930	-1.9612	-1.1198	Imaginative narrative
153_PRATCHETT1995DW18RADE_4.txt.txt	7.8469	7.7879	-1.9739	0.1283	-0.1120	-1.7785	Imaginative narrative
101_Blume1978FreckleJuice_4.txt.txt	4.3364	3.1751	-2.3166	1.5093	-1.9878	-2.1688	Imaginative narrative
156_ThePhantomTollboothNortonJuster_2.txt.txt	9.3592	4.8884	-2.2551	1.1631	0.1423	-1.9584	Imaginative narrative
102_ADAMS1979THEHLAXY_4.txt.txt	0.1783	3.3460	-0.2487	-0.8348	0.0391	-1.0643	Imaginative narrative
153_PRATCHETT1995DW18RADE_3.txt.txt	4.1048	8.8602	-1.7022	0.9297	-0.6020	-1.9615	Imaginative narrative
122_Jacques1986Redwall_4.txt.txt	-6.2394	4.7570	-1.8057	0.9542	-0.4170	-0.7722	General narrative exposition
168_PRATCHETT1999DW24HANT_3.txt.txt	2.2522	5.8339	-2.5032	-1.1000	-2.2114	-2.0939	Imaginative narrative
154_PRATCHETT1996DW19CLAY_1.txt.txt	10.9189	6.4957	-1.9250	-0.1763	-1.3717	-2.0743	Imaginative narrative
172_PRATCHETT2000DW25RUTH_1.txt.txt	7.4647	5.4356	-1.3818	0.1164	-1.8511	-1.5150	Imaginative narrative
129_Pratchett_Truckers_1.txt.txt	7.9697	6.4853	-2.5671	-0.3915	-1.8585	-1.7866	Imaginative narrative
168_PRATCHETT1999DW24HANT_2.txt.txt	6.9400	5.2312	-2.1800	0.6806	-1.4235	-1.5502	Imaginative narrative
118_ScottCard1985EndersGame_2.txt.txt	12.8259	2.8152	-0.4661	2.7885	-0.7817	0.3343	Involved persuasion
130_PRATCHETT1989DW07MIDS_3.txt.txt	4.5263	6.5201	-1.0158	-1.0086	-1.9665	-0.8529	Imaginative narrative
112_RamonaQuimbyAge8BeverlyCleary_2.txt.txt	-2.9210	5.6867	0.9768	1.1787	-0.8279	-2.0354	General narrative exposition
185_HADDON2003THECTIME_1.txt.txt	23.8271	0.7675	1.6317	0.3660	-2.0520	0.0352	Informational interaction
177_Brown2000AngelsDemons_3.txt.txt	-10.7354	5.9900	-3.9779	-2.1586	-1.6412	-1.6690	General narrative exposition
179_PRATCHETT2001DW27HERO_4.txt.txt	3.4989	6.9296	-2.7246	0.9778	-1.3248	-1.2722	Imaginative narrative
143_PRATCHETT1993DW15ARMS_2.txt.txt	4.3544	5.2199	-0.4566	-2.8904	-1.9726	-1.6093	Imaginative narrative
113_BEChildrenDahlRoaldTheBFG_4.txt.txt	4.0115	6.4786	-2.7854	1.0639	-2.1737	-1.4559	Imaginative narrative
119_FamilyResemblance_1.txt.txt	9.7680	5.4946	-2.6345	0.7126	-1.3554	-1.2300	Imaginative narrative
162_PRATCHETT1998DW22NENT_2.txt.txt	6.3794	5.8105	-2.0238	-2.2007	-1.9991	-1.2390	Imaginative narrative
102_ADAMS1979THEHLAXY_2.txt.txt	5.7543	2.4154	-1.2899	-0.1414	-0.9013	-1.0845	Imaginative narrative
163_PRATCHETT1998DW23ULUM_3.txt.txt	7.8147	4.6870	-1.5355	0.5132	-0.8751	-1.4516	Imaginative narrative
199_TheLightningThiefRiordanRick_4.txt.txt	3.6380	2.8272	-1.7073	1.1420	-0.9077	-1.8843	Imaginative narrative
131_PRATCHETT1989DW08ARDS_1.txt.txt	2.4331	7.7408	-1.3358	-2.6485	-1.4875	-1.5898	Imaginative narrative
164_BEChildrenRowlingJHarryPotterandtheChamberofSecrets_3.txt.txt	-2.9995	7.7031	-3.0340	-2.3504	-1.9701	-1.7458	Imaginative narrative
101_Blume1978FreckleJuice_2.txt.txt	4.3364	3.1751	-2.3166	1.5093	-1.9878	-2.1688	Imaginative narrative
166_MatildaDahlRoald_4.txt.txt	1.0826	4.8987	-1.2066	-0.1058	-1.5711	-1.0876	Imaginative narrative
161_Golden1997MemoirsGeisha_4.txt.txt	7.1993	3.1099	-2.1627	2.0196	0.2241	-1.1316	Imaginative narrative
132_NumbertheStarsLoisLowry_2.txt.txt	4.2900	7.4895	-1.2058	-0.2451	-1.2305	-0.5670	Imaginative narrative
182_GAIMAN2002CORALINE_2.txt.txt	2.9659	5.4907	-1.8247	-3.1653	-2.2632	-2.5928	Imaginative narrative
162_PRATCHETT1998DW22NENT_4.txt.txt	7.0721	6.5364	-3.0923	-2.1235	-2.1681	-1.4404	Imaginative narrative
128_PRATCHETT1988DW06TERS_4.txt.txt	7.1460	4.5259	-1.6528	0.7429	-1.7302	-1.9341	Imaginative narrative
152_GOLDING1995THEDNGUE_3.txt.txt	9.0999	0.0683	1.4870	0.1922	0.3393	-0.5521	Involved persuasion
141_PRATCHETT1992DW13GODS_3.txt.txt	3.7899	5.7153	-0.0894	-0.9961	-0.6573	-1.1957	Imaginative narrative
170_BEChildrenRowlingJHarryPotterandthePrisonerofAzkaban_3.txt.txt	7.6330	8.1516	-2.1719	0.0162	-0.0008	-1.1947	Imaginative narrative
109_Auel1980ClanCaveBear_4.txt.txt	1.7606	7.4793	-1.5125	1.4944	-0.4565	-2.7922	Imaginative narrative
194_CressidaCowellHowtoTrainYoHowtoBeaPirate_2.txt.txt	0.3068	2.9635	-1.8887	-1.3689	-0.3800	-1.1769	Imaginative narrative
198_BEChildrenRowlingJ.HarryPotterandtheHalfBloodPrince_3.txt.txt	1.5370	9.4052	-0.7852	1.0215	-0.7060	-1.7119	Imaginative narrative
192_PRATCHETT2004DW32FSKY.en_4.txt.txt	3.1834	4.8579	-1.1326	-1.8546	-1.8730	-1.7090	Imaginative narrative
182_GAIMAN2002CORALINE_1.txt.txt	2.0309	5.5088	-1.8328	-2.8564	-2.2035	-2.5042	Imaginative narrative
177_Brown2000AngelsDemons_2.txt.txt	-9.6001	5.9519	-3.2294	-0.6929	-2.1628	-1.1559	General narrative exposition
140_ADAMS1992MOSTLESS_2.txt.txt	0.9554	6.3576	-1.0897	-1.2670	-1.6591	-0.4604	Imaginative narrative
114_Mortal-Engines-Quartet_Hungry-City_Reeve_3.txt.txt	-5.2779	7.7012	-3.2395	-2.9568	-2.2347	-2.1895	General narrative exposition
143_PRATCHETT1993DW15ARMS_1.txt.txt	8.7114	5.6262	-2.0478	-0.9105	-1.5986	-2.0341	Imaginative narrative
103_SNOW1974ACOANISH_1.txt.txt	-0.4156	6.3586	-0.4292	-1.2929	-0.9141	-0.9523	Imaginative narrative
172_PRATCHETT2000DW25RUTH_2.txt.txt	8.4653	6.2592	-1.8750	0.1138	-1.8323	-0.5262	Imaginative narrative
113_BEChildrenDahlRoaldTheBFG_3.txt.txt	4.4657	3.7938	-1.2005	-0.6150	-2.8429	-0.8129	Imaginative narrative
126_IslandoftheBlueDolphinsScottODell_2.txt.txt	0.3574	5.2575	-1.0961	-1.9932	-0.7189	-0.7759	Imaginative narrative
123_Paulsen1986Hatchet_2.txt.txt	4.8825	5.0537	-1.6635	-0.9462	-1.7761	-1.4400	Imaginative narrative
135_PRATCHETT1990DW09ERIC_4.txt.txt	3.4126	4.7232	-0.8271	-0.2648	-1.3166	-1.0928	Imaginative narrative
160_EllaEnchantedUnbekannt_4.txt.txt	10.0438	3.8370	-0.1676	6.6349	-0.8304	-2.3342	Involved persuasion
128_PRATCHETT1988DW06TERS_2.txt.txt	8.4599	4.5394	-1.0088	-1.0043	-1.6718	-2.0100	Imaginative narrative
186_PRATCHETT2003DW30EMEN_2.txt.txt	8.3413	5.2573	-1.8702	1.8526	-1.5909	-2.2633	Imaginative narrative
157_PRATCHETT1997DW21INGO_2.txt.txt	10.7459	5.2286	-1.2066	0.7049	-2.4703	-0.6059	Imaginative narrative
107_SuperfudgeJudyBlume_2.txt.txt	14.0611	4.9228	-1.2912	1.6806	-2.3907	-1.5291	Imaginative narrative
129_Pratchett_Truckers_4.txt.txt	11.4103	6.8629	-2.5817	0.3148	-1.3119	-1.1669	Imaginative narrative
187_PRATCHETT2003DW31MENT_3.txt.txt	9.9811	5.8568	-1.3523	-0.7167	-0.4652	-1.0304	Imaginative narrative
169_PRATCHETT1999THESLD01_1.txt.txt	5.0528	-0.6739	-0.4997	-0.4927	-0.6120	-0.5673	Involved persuasion
109_Auel1980ClanCaveBear_1.txt.txt	-6.3810	4.6847	0.1423	0.7065	0.8594	-3.1189	General narrative exposition
127_PRATCHETT1988DW05CERY_4.txt.txt	1.2188	4.1761	-1.6639	-1.4254	0.0209	-1.3450	Imaginative narrative
183_PRATCHETT2002DW29ATCH_3.txt.txt	6.3812	4.5416	-2.6411	-0.4990	-1.0109	-1.8612	Imaginative narrative
170_BEChildrenRowlingJHarryPotterandthePrisonerofAzkaban_2.txt.txt	2.4006	8.4896	-1.5971	-1.0543	-1.2749	-1.2988	Imaginative narrative
174_BEChildrenRowlingJHarryPotterandtheGobletofFire_1.txt.txt	-4.4787	6.4182	0.7067	-0.5668	-1.2214	-1.7436	General narrative exposition
113_BEChildrenDahlRoaldTheBFG_1.txt.txt	-1.2880	5.7932	-1.7856	0.7383	-1.3547	-1.5884	Imaginative narrative
190_Hosseini2003KiteRunner_1.txt.txt	-7.7000	6.0010	0.6019	-2.5367	-1.0321	-1.7553	General narrative exposition
154_PRATCHETT1996DW19CLAY_3.txt.txt	2.0130	5.2593	-1.4903	-1.7301	-0.3526	-1.1038	Imaginative narrative
134_PRATCHETT1990BROMGERS_2.txt.txt	13.3341	4.9073	-3.8367	1.8100	-2.3304	-2.0923	Imaginative narrative
166_MatildaDahlRoald_2.txt.txt	4.9178	3.9846	-0.6296	0.8841	-2.1232	-1.1437	Imaginative narrative
159_TUBB1997THERTURN_1.txt.txt	-5.0481	6.5938	3.1806	1.0433	-1.8437	-2.3810	General narrative exposition
167_BINCHY1998TARAROAD_2.txt.txt	16.4549	5.8962	-1.1328	5.0800	-2.9504	-0.3574	Imaginative narrative
151_Creech1994WalkTwoMoons_1.txt.txt	6.7232	5.3513	-0.6981	1.8872	-2.1197	-0.7121	Imaginative narrative
139_PRATCHETT1991DW12ROAD_2.txt.txt	1.6818	6.9361	-0.1999	-0.8348	-1.3973	-1.8183	Imaginative narrative
143_PRATCHETT1993DW15ARMS_3.txt.txt	8.4653	3.2730	-1.7820	0.4274	-1.4796	-1.4788	Imaginative narrative
121_AbbyandtheMysteryBabyAnnM.Martin_1.txt.txt	5.7788	2.8555	0.3306	2.5006	1.0994	-1.2422	Involved persuasion
193_PRATCHETT2004DW33STAL.en_4.txt.txt	5.0061	4.0188	-0.8362	-1.7520	-2.3703	-1.3505	Imaginative narrative
152_GOLDING1995THEDNGUE_4.txt.txt	6.7870	2.3025	1.3042	0.1843	-0.4961	-0.0662	Involved persuasion
164_BEChildrenRowlingJHarryPotterandtheChamberofSecrets_4.txt.txt	2.6556	7.2054	-0.5532	-1.5335	-0.3552	-1.5188	Imaginative narrative
163_PRATCHETT1998DW23ULUM_4.txt.txt	12.9093	6.2075	-0.8620	-0.3095	-1.6738	-1.7127	Imaginative narrative
151_Creech1994WalkTwoMoons_2.txt.txt	5.9098	6.2460	0.1816	-0.0081	-2.6033	-0.4157	Imaginative narrative
185_HADDON2003THECTIME_4.txt.txt	18.8294	1.5936	1.9384	-2.9463	-2.0816	-1.3307	Informational interaction
191_DELANEY2004THESTICE.enuk_3.txt.txt	12.5867	5.4618	-3.2318	3.2187	-0.7287	-1.8334	Imaginative narrative
130_PRATCHETT1989DW07MIDS_1.txt.txt	4.4933	4.3100	-1.3257	-0.1899	-0.8373	-1.1574	Imaginative narrative
147_PRATCHETT1994DW16USIC_1.txt.txt	5.3134	4.9111	-1.0895	-2.4321	-1.3792	-1.5222	Imaginative narrative
115_Valentine_FindingVioletPark_2.txt.txt	18.9276	6.1282	-0.9573	1.5543	-0.4049	-2.3972	Informational interaction
150_Blyton1994FamousFive_3.txt.txt	7.2832	7.8220	-2.7577	-0.0791	-1.9802	-0.5893	Imaginative narrative
123_Paulsen1986Hatchet_3.txt.txt	2.9079	4.8896	-2.8077	-1.4896	-2.1966	-1.8102	Imaginative narrative
178_PRATCHETT2001DW26TIME_1.txt.txt	10.2921	5.8894	-0.1984	-0.9455	-0.0264	-1.2649	Imaginative narrative
165_HolesLouisSachar_2.txt.txt	1.5498	5.2502	-1.7048	2.7507	-1.3248	-1.6567	Imaginative narrative
106_GOLDING1980RITESAGE_2.txt.txt	-3.7911	2.6976	2.6946	0.5076	0.1900	-0.3852	General narrative exposition
158_PULLMAN1997DM02NIFE_4.txt.txt	8.6616	3.7953	-0.9943	0.5599	-1.5607	-1.0788	Imaginative narrative
110_Dahl1980Twits_2.txt.txt	1.3785	3.9029	-1.3459	-0.7273	-1.4215	-1.7852	Imaginative narrative
101_Blume1978FreckleJuice_1.txt.txt	4.3364	3.1751	-2.3166	1.5093	-1.9878	-2.1688	Imaginative narrative
111_ALightintheAttic_3.txt.txt	2.9581	-0.3540	3.1162	-3.5454	-2.0365	-1.7643	Involved persuasion
167_BINCHY1998TARAROAD_1.txt.txt	22.3290	4.1168	0.3672	5.8201	-2.3038	-0.3302	Informational interaction
160_EllaEnchantedUnbekannt_2.txt.txt	5.4610	3.7006	-1.8332	2.2001	-0.3093	-2.3247	Imaginative narrative
195_TalesofaFourthGradeNothingJudyBlume_4.txt.txt	10.0161	4.0454	-1.5954	-0.1743	-0.6236	-1.7758	Imaginative narrative
195_TalesofaFourthGradeNothingJudyBlume_1.txt.txt	8.5508	5.4126	-1.1339	-1.0607	-1.5772	-1.5619	Imaginative narrative
124_PRATCHETT1987DW04MORT_1.txt.txt	-3.6239	5.3667	-1.9774	-2.4010	-2.1694	-1.6376	General narrative exposition
103_SNOW1974ACOANISH_2.txt.txt	9.8365	7.8129	-1.2785	1.6548	-1.6004	0.2631	Imaginative narrative
136_PRATCHETT1990DW10URES_3.txt.txt	2.1425	4.9288	-1.3639	-2.2713	-1.9731	-1.4164	Imaginative narrative
122_Jacques1986Redwall_3.txt.txt	-9.0076	4.2355	-1.0696	-0.0229	-1.4011	-1.3353	General narrative exposition
120_PRATCHETT1986DW02STIC_1.txt.txt	6.4901	5.8410	-0.6770	-1.5992	-1.6519	-2.0010	Imaginative narrative
102_ADAMS1979THEHLAXY_3.txt.txt	2.4568	4.8894	-0.4802	1.2908	-1.0320	-0.0792	Imaginative narrative
120_PRATCHETT1986DW02STIC_2.txt.txt	3.7846	4.6897	-1.1561	-0.3242	-1.7638	-1.6805	Imaginative narrative
154_PRATCHETT1996DW19CLAY_4.txt.txt	8.2108	4.7492	-0.0939	-0.9948	-2.5992	-1.5865	Imaginative narrative
115_Valentine_FindingVioletPark_1.txt.txt	11.6054	3.0824	1.4914	-2.1716	-1.7597	-0.7361	Imaginative narrative
109_Auel1980ClanCaveBear_2.txt.txt	-10.6327	4.0496	0.5068	-0.0868	-0.4008	-2.3735	General narrative exposition
161_Golden1997MemoirsGeisha_1.txt.txt	3.9498	1.3048	-0.0048	2.5436	2.4101	-0.8729	Involved persuasion
119_FamilyResemblance_2.txt.txt	10.6469	5.0398	-3.1191	0.8789	-1.3768	-1.0171	Imaginative narrative
187_PRATCHETT2003DW31MENT_2.txt.txt	5.0535	7.2410	-0.3651	-0.6917	-1.4359	-1.7743	Imaginative narrative
134_PRATCHETT1990BROMGERS_3.txt.txt	9.8209	6.4626	-1.2437	0.4128	-1.6773	-1.4261	Imaginative narrative
132_NumbertheStarsLoisLowry_1.txt.txt	-0.6440	7.7698	-4.0107	-0.5687	-0.8271	-1.2965	Imaginative narrative
196_MCEWAN2005SATURDAY.en_3.txt.txt	-2.9888	1.3751	-0.7404	-2.4108	-0.8813	-1.1430	General narrative exposition
158_PULLMAN1997DM02NIFE_2.txt.txt	14.5136	4.7457	-1.3376	-1.4167	-1.8874	-0.1522	Imaginative narrative
153_PRATCHETT1995DW18RADE_2.txt.txt	7.5056	7.5257	-1.9523	0.4087	-0.2055	-1.6398	Imaginative narrative
165_HolesLouisSachar_1.txt.txt	4.2022	7.2552	-0.7031	1.6301	-0.4565	-2.6228	Imaginative narrative
139_PRATCHETT1991DW12ROAD_4.txt.txt	5.2463	6.4063	-1.3125	0.7802	-1.6474	-1.1792	Imaginative narrative
181_BANKS2002DEADAIR_1.txt.txt	3.1056	2.0232	-3.9560	0.6058	-1.5384	-1.1607	Imaginative narrative
171_Snicket1999BadBeginning_1.txt.txt	1.7835	5.5152	-1.4424	2.1959	-0.7572	-1.2145	Imaginative narrative
157_PRATCHETT1997DW21INGO_1.txt.txt	3.3753	6.1129	-1.6904	-1.0237	-1.4541	-1.6838	Imaginative narrative
137_Avi1990TrueCharlotteDoyle_1.txt.txt	-0.0347	3.6287	-2.7068	0.5193	-0.7619	-0.9410	Imaginative narrative
144_PRATCHETT1993JOHNDEAD_2.txt.txt	11.5355	6.0431	-2.7114	-1.3112	-1.6150	-1.6452	Imaginative narrative
140_ADAMS1992MOSTLESS_1.txt.txt	6.8566	4.7369	-0.8010	2.0017	-1.0489	-0.3219	Imaginative narrative
121_AbbyandtheMysteryBabyAnnM.Martin_2.txt.txt	10.3881	6.8938	-2.5289	0.9996	0.0561	-1.0388	Imaginative narrative
132_NumbertheStarsLoisLowry_3.txt.txt	0.1213	6.7055	-4.1842	0.3854	-0.5434	-1.8566	Imaginative narrative
175_SMITH2000WHITEETH_4.txt.txt	0.8905	3.5434	-0.6643	-0.7049	-1.0215	-1.1470	Imaginative narrative
148_PRATCHETT1994DW17IMES_4.txt.txt	7.5462	3.8866	-0.7298	-0.9411	-1.9152	-1.5390	Imaginative narrative
182_GAIMAN2002CORALINE_4.txt.txt	6.1954	5.8466	-1.8771	0.3197	-2.5830	-1.7196	Imaginative narrative
192_PRATCHETT2004DW32FSKY.en_1.txt.txt	8.7563	5.2393	-2.3330	-1.2981	-1.5986	-1.8604	Imaginative narrative
191_DELANEY2004THESTICE.enuk_4.txt.txt	9.7681	3.1554	-3.5159	2.3897	-0.7213	-1.6142	Imaginative narrative
105_Flowersintheattic_1.txt.txt	7.6348	2.2578	-0.7092	1.2254	-1.4655	-1.1249	Involved persuasion
189_FromtheMixedUpFilesofMrs.E.L.Konigsburg_3.txt.txt	6.1059	3.4991	-0.8225	1.5460	-0.2918	0.2948	Imaginative narrative
124_PRATCHETT1987DW04MORT_2.txt.txt	7.8469	6.5372	-0.8999	-0.2023	-1.2775	-1.4207	Imaginative narrative
156_ThePhantomTollboothNortonJuster_1.txt.txt	8.7015	6.4390	-2.3382	3.4790	-0.9302	-1.5019	Imaginative narrative
136_PRATCHETT1990DW10URES_2.txt.txt	8.1666	6.5200	-1.8151	0.5582	-2.0331	-1.0853	Imaginative narrative
104_BunniculaDeborahHowe_1.txt.txt	12.4614	2.7180	-2.2223	1.2492	-1.0066	-0.4940	Imaginative narrative
142_PRATCHETT1992DW14DIES_1.txt.txt	6.0353	5.2799	-1.7194	-2.9856	-2.4995	-0.8546	Imaginative narrative
142_PRATCHETT1992DW14DIES_4.txt.txt	4.3437	4.6804	-2.4521	-2.1954	-0.6756	-1.9790	Imaginative narrative
108_IndianintheCupboard_4.txt.txt	3.3025	7.5037	-3.7192	-0.1387	-1.5533	-1.2909	Imaginative narrative
191_DELANEY2004THESTICE.enuk_2.txt.txt	6.2874	2.7508	-3.6056	0.9925	-1.1588	-1.4248	Imaginative narrative
108_IndianintheCupboard_2.txt.txt	2.6433	7.6453	-3.9314	-1.0464	-1.8191	-1.3746	Imaginative narrative
130_PRATCHETT1989DW07MIDS_2.txt.txt	3.2725	3.4737	-1.5493	-1.9840	-0.7010	-1.9229	Imaginative narrative
180_PRATCHETT2001DW28ENTS_4.txt.txt	11.6554	5.3580	-0.9345	0.6835	-2.2815	-1.1698	Imaginative narrative
161_Golden1997MemoirsGeisha_3.txt.txt	2.7657	3.0964	-2.0289	1.5395	1.0317	-1.2252	Imaginative narrative
146_BEChildrenMcEwanIanTheDaydreamer_2.txt.txt	1.2935	3.9378	-0.5380	-0.5092	-1.3320	-1.1984	Imaginative narrative
110_Dahl1980Twits_3.txt.txt	1.1648	3.9003	-1.2248	-0.5731	-1.5512	-1.8224	Imaginative narrative
112_RamonaQuimbyAge8BeverlyCleary_1.txt.txt	-0.6357	5.9689	-0.6797	0.1525	-1.1259	-1.4836	Imaginative narrative
197_PRATCHETT2005THESATCH.env2_3.txt.txt	4.3636	-0.5421	-0.2543	0.3582	-0.2790	0.0732	Involved persuasion
176_HowTheChildrenBecameStars_3.txt.txt	0.5404	1.6813	-0.3935	0.4186	-1.6772	-1.6148	Involved persuasion
119_FamilyResemblance_3.txt.txt	5.5248	3.9154	-2.4825	-0.0503	-1.6820	-1.2628	Imaginative narrative
117_MacLachlan1985PlainTall_4.txt.txt	-1.9526	7.1037	3.1368	-1.7165	-2.7191	-2.7436	Imaginative narrative
172_PRATCHETT2000DW25RUTH_4.txt.txt	3.3742	3.8043	0.7345	-0.2028	-0.1364	-0.1202	Imaginative narrative
142_PRATCHETT1992DW14DIES_2.txt.txt	8.8106	5.4726	-2.1656	0.2120	-2.5271	-2.1648	Imaginative narrative
128_PRATCHETT1988DW06TERS_3.txt.txt	7.4130	8.0191	-2.1907	-1.6923	-2.2492	-1.7786	Imaginative narrative
140_ADAMS1992MOSTLESS_4.txt.txt	1.2609	6.2707	-1.2230	-1.5382	-1.8152	-0.3686	Imaginative narrative
156_ThePhantomTollboothNortonJuster_3.txt.txt	2.1819	7.9634	0.1024	-1.0038	0.1231	-1.5643	Imaginative narrative
190_Hosseini2003KiteRunner_3.txt.txt	-3.1018	6.8978	-1.3542	-2.1588	-1.6720	-2.0926	General narrative exposition
179_PRATCHETT2001DW27HERO_1.txt.txt	6.0743	4.4856	-0.0548	1.4958	-1.0794	-1.1055	Imaginative narrative
181_BANKS2002DEADAIR_2.txt.txt	11.7405	3.5204	0.6873	-0.6940	-1.7520	-1.2476	Imaginative narrative
175_SMITH2000WHITEETH_2.txt.txt	1.1382	3.3368	0.4433	-1.0596	-1.8762	-1.1362	Imaginative narrative
114_Mortal-Engines-Quartet_Hungry-City_Reeve_4.txt.txt	1.0024	4.5647	-1.1632	-0.1906	-0.5715	-0.5893	Imaginative narrative
114_Mortal-Engines-Quartet_Hungry-City_Reeve_2.txt.txt	-2.4180	4.9050	-1.7857	-0.2254	-1.3313	-1.5458	Imaginative narrative
131_PRATCHETT1989DW08ARDS_4.txt.txt	8.8246	5.2210	-0.8051	-0.4606	-2.0802	-2.0029	Imaginative narrative
167_BINCHY1998TARAROAD_3.txt.txt	11.5250	3.3557	-0.1376	2.8237	-1.9287	0.0274	Imaginative narrative
177_Brown2000AngelsDemons_4.txt.txt	-10.3202	8.5456	-4.5803	-3.0450	-1.0724	-2.4100	General narrative exposition
117_MacLachlan1985PlainTall_1.txt.txt	-5.1873	6.7702	2.6130	-2.7206	-2.7410	-2.9536	General narrative exposition
145_TheGiverLoisLowry_4.txt.txt	8.8516	6.9905	-2.8922	-0.6504	-1.7406	0.0727	Imaginative narrative
117_MacLachlan1985PlainTall_2.txt.txt	-3.6340	7.0279	1.7741	-2.0000	-2.5341	-3.0479	General narrative exposition
169_PRATCHETT1999THESLD01_4.txt.txt	3.7273	0.8992	-0.5572	-1.9726	-0.9220	0.4945	Involved persuasion
135_PRATCHETT1990DW09ERIC_3.txt.txt	10.1436	6.2619	-1.1822	0.5137	-0.6898	-1.2471	Imaginative narrative
120_PRATCHETT1986DW02STIC_3.txt.txt	2.7543	5.0919	-3.2278	-1.4409	-1.5556	-1.3834	Imaginative narrative
105_Flowersintheattic_3.txt.txt	5.8039	4.3565	-2.3407	0.3628	-1.1361	-1.2660	Imaginative narrative
169_PRATCHETT1999THESLD01_3.txt.txt	4.0701	-0.9135	-1.0513	-1.1545	0.3245	0.0826	Involved persuasion
159_TUBB1997THERTURN_2.txt.txt	-4.6434	5.4431	3.1459	1.8217	-0.3905	-2.3734	General narrative exposition
102_ADAMS1979THEHLAXY_1.txt.txt	-2.9447	5.2036	0.3337	-1.2562	-1.1138	-1.1248	General narrative exposition
118_ScottCard1985EndersGame_4.txt.txt	10.2571	5.3884	-1.8849	-0.2723	-1.2502	-1.3242	Imaginative narrative
167_BINCHY1998TARAROAD_4.txt.txt	15.2978	3.5937	-0.5216	1.3732	-1.5104	0.0277	Imaginative narrative
133_GAIMANPRATCHETT1990GOODMENS_1.txt.txt	-0.0706	5.2299	0.9918	-0.4234	0.0363	-0.8533	Imaginative narrative
181_BANKS2002DEADAIR_4.txt.txt	5.4452	1.5550	0.6128	-1.3354	-1.8506	-1.2360	Involved persuasion
173_PULLMAN2000DM03LASS_1.txt.txt	2.4084	6.8838	-1.6628	-0.4039	-2.1183	-1.6547	Imaginative narrative
173_PULLMAN2000DM03LASS_2.txt.txt	-1.0935	6.3219	0.8973	-1.6774	-1.8205	-1.5076	Imaginative narrative
158_PULLMAN1997DM02NIFE_3.txt.txt	11.9662	4.0203	-2.2851	-0.1482	-1.0867	-0.4139	Imaginative narrative
183_PRATCHETT2002DW29ATCH_2.txt.txt	11.1226	5.9828	-2.7826	0.5056	-1.4255	-1.6337	Imaginative narrative
158_PULLMAN1997DM02NIFE_1.txt.txt	8.2033	3.7887	-1.9084	-1.9996	-1.4458	-0.8149	Imaginative narrative
106_GOLDING1980RITESAGE_1.txt.txt	0.5797	3.8202	0.4258	2.4964	-1.3819	-0.2402	Imaginative narrative
188_BEChildrenRowlingJHarryPotterandtheOrderofthePhoenix_3.txt.txt	6.1957	7.9230	-0.1956	-0.1997	-1.4023	-1.8252	Imaginative narrative
146_BEChildrenMcEwanIanTheDaydreamer_4.txt.txt	-2.6898	5.8391	-1.7284	-1.9180	-0.9283	-2.0176	General narrative exposition
126_IslandoftheBlueDolphinsScottODell_3.txt.txt	2.7003	5.6602	-3.3001	-2.3445	1.0384	-0.6398	Imaginative narrative
133_GAIMANPRATCHETT1990GOODMENS_2.txt.txt	2.1728	7.2663	-0.9609	-0.4465	-0.5453	-0.8164	Imaginative narrative
116_TheWitches_1.txt.txt	2.6671	0.7351	0.5775	-2.1139	-2.7143	-0.1442	Involved persuasion
141_PRATCHETT1992DW13GODS_2.txt.txt	7.2962	6.0507	-1.8634	-1.2361	-1.2393	-1.6765	Imaginative narrative
184_Paolini2002Eragon_3.txt.txt	-12.3558	9.9056	-0.6930	-1.6081	-0.3938	-3.0014	General narrative exposition
115_Valentine_FindingVioletPark_3.txt.txt	13.7139	1.6714	-0.2734	1.6257	-1.3901	-1.2769	Involved persuasion
150_Blyton1994FamousFive_2.txt.txt	5.1105	6.5412	-2.4760	0.2962	-1.3822	-0.6781	Imaginative narrative
116_TheWitches_3.txt.txt	0.7340	1.3810	0.4532	-2.3538	-2.6888	-0.0648	Involved persuasion
108_IndianintheCupboard_3.txt.txt	4.4785	6.2188	-3.2748	-1.0414	-1.8646	-2.0648	Imaginative narrative
143_PRATCHETT1993DW15ARMS_4.txt.txt	7.9214	6.9096	-1.4056	-2.3102	-1.0569	-1.9688	Imaginative narrative
199_TheLightningThiefRiordanRick_3.txt.txt	0.8805	3.9180	-0.9860	0.3335	-1.4805	-2.0810	Imaginative narrative
184_Paolini2002Eragon_4.txt.txt	-6.6556	5.2677	-1.4508	-0.6384	-0.2701	-1.9964	General narrative exposition
147_PRATCHETT1994DW16USIC_4.txt.txt	6.8864	6.2565	-0.5048	-1.7044	-1.8988	-1.8031	Imaginative narrative
133_GAIMANPRATCHETT1990GOODMENS_3.txt.txt	4.7159	4.1110	-0.7062	0.1637	-1.5755	-1.1077	Imaginative narrative
134_PRATCHETT1990BROMGERS_4.txt.txt	11.3590	5.6546	-0.5708	0.1877	-0.8690	-0.8274	Imaginative narrative
126_IslandoftheBlueDolphinsScottODell_4.txt.txt	-3.3668	5.0021	-0.3930	-0.8142	2.2458	-0.0383	General narrative exposition
150_Blyton1994FamousFive_4.txt.txt	4.3827	6.2916	-2.3559	0.3946	-1.5593	-0.2271	Imaginative narrative
116_TheWitches_2.txt.txt	6.9447	5.2518	-1.0134	-0.1060	-1.1031	-1.2338	Imaginative narrative
175_SMITH2000WHITEETH_1.txt.txt	1.9371	6.7163	0.0696	-1.6175	-1.2944	-0.9188	Imaginative narrative
141_PRATCHETT1992DW13GODS_4.txt.txt	5.8458	5.1448	-1.2574	-0.1519	-0.9175	-2.1078	Imaginative narrative
144_PRATCHETT1993JOHNDEAD_4.txt.txt	8.5011	4.8385	-2.3727	-0.8546	-2.5201	-2.1593	Imaginative narrative
107_SuperfudgeJudyBlume_1.txt.txt	13.5189	6.3278	-1.1581	3.1851	-1.7028	-1.2386	Imaginative narrative
125_WINTERSON2000THEPBOOK_1.txt.txt	2.5723	3.6378	0.5347	-2.4325	-0.8494	-1.9035	Imaginative narrative
189_FromtheMixedUpFilesofMrs.E.L.Konigsburg_4.txt.txt	6.2085	3.3437	-0.3096	2.5553	0.2088	-0.2240	Imaginative narrative
178_PRATCHETT2001DW26TIME_3.txt.txt	4.9304	4.3722	-2.4252	-0.2603	-0.6810	-1.5564	Imaginative narrative
176_HowTheChildrenBecameStars_2.txt.txt	-2.1956	2.3801	-0.6384	0.8675	-0.1556	-2.0962	General narrative exposition
200_Westerfeld2005Uglies_1.txt.txt	7.2551	4.5093	-2.8464	1.3189	-1.2301	-0.9186	Imaginative narrative
155_PRATCHETT1996JOHNBOMB_4.txt.txt	11.1949	7.0558	-1.0838	-0.5358	-1.5868	-1.4603	Imaginative narrative
164_BEChildrenRowlingJHarryPotterandtheChamberofSecrets_1.txt.txt	-4.6519	7.6223	-1.1486	-2.6397	-1.6609	-2.3704	General narrative exposition
104_BunniculaDeborahHowe_2.txt.txt	7.7715	3.5073	-2.6732	1.6993	-0.8011	-0.2988	Imaginative narrative
151_Creech1994WalkTwoMoons_3.txt.txt	7.7863	4.4194	-0.9866	1.8911	-1.9432	-0.6809	Imaginative narrative
186_PRATCHETT2003DW30EMEN_4.txt.txt	5.3031	3.5366	-0.6513	-0.4159	-1.5461	-1.4611	Imaginative narrative
171_Snicket1999BadBeginning_4.txt.txt	0.6749	7.6735	0.1042	1.1833	-1.0261	-1.4600	Imaginative narrative
160_EllaEnchantedUnbekannt_1.txt.txt	5.4563	3.9667	-2.0068	2.4851	-0.4642	-2.2585	Imaginative narrative
125_WINTERSON2000THEPBOOK_3.txt.txt	11.7134	3.0633	1.1947	-2.1553	-1.6777	-1.9417	Imaginative narrative
138_PRATCHETT1991DW11RMAN_2.txt.txt	1.9040	4.7997	-2.1889	-0.3600	-0.8413	-1.6668	Imaginative narrative
CORPUS	4.6358	5.0196	-1.1105	-0.0667	-1.2580	-1.3523	Imaginative narrative
