Filename,Level
Access_1_Informative_0001.txt,A
Access_1_Instructional_0001.txt,A
Access_1_Instructional_0002.txt,A
Access_1_Instructional_0003.txt,A
Access_1_Instructional_0004.txt,A
Access_1_Instructional_0005.txt,A
Access_1_Instructional_0006.txt,A
Access_1_Instructional_0007.txt,A
Access_1_Instructional_0008.txt,A
Access_1_Instructional_0009.txt,A
Access_1_Instructional_0010.txt,A
Access_1_Narrative_0001.txt,A
Access_1_Narrative_0002.txt,A
Access_1_Narrative_0003.txt,A
Access_1_Narrative_0004.txt,A
Access_1_Narrative_0005.txt,A
Access_1_Narrative_0006.txt,A
Access_1_Narrative_0007.txt,A
Access_1_Narrative_0008.txt,A
Access_1_Narrative_0009.txt,A
Access_1_Personal_0001.txt,A
Access_1_Poetry_0001.txt,A
Access_1_Spoken_0001.txt,A
Access_1_Spoken_0002.txt,A
Access_1_Spoken_0003.txt,A
Access_1_Spoken_0004.txt,A
Access_1_Spoken_0005.txt,A
Access_1_Spoken_0006.txt,A
Access_1_Spoken_0007.txt,A
Access_1_Spoken_0008.txt,A
Access_1_Spoken_0009.txt,A
Access_1_Spoken_0010.txt,A
Access_1_Spoken_0011.txt,A
Access_1_Spoken_0012.txt,A
Access_1_Spoken_0013.txt,A
Access_1_Spoken_0014.txt,A
Access_1_Spoken_0015.txt,A
Access_1_Spoken_0016.txt,A
Access_1_Spoken_0017.txt,A
Access_1_Spoken_0018.txt,A
Access_1_Spoken_0019.txt,A
Access_1_Spoken_0020.txt,A
Access_1_Spoken_0021.txt,A
Access_2_Informative_0001.txt,B
Access_2_Informative_0002.txt,B
Access_2_Informative_0003.txt,B
Access_2_Instructional_0001.txt,B
Access_2_Instructional_0002.txt,B
Access_2_Instructional_0003.txt,B
Access_2_Instructional_0004.txt,B
Access_2_Instructional_0005.txt,B
Access_2_Instructional_0006.txt,B
Access_2_Instructional_0007.txt,B
Access_2_Instructional_0008.txt,B
Access_2_Instructional_0009.txt,B
Access_2_Instructional_0010.txt,B
Access_2_Instructional_0011.txt,B
Access_2_Instructional_0012.txt,B
Access_2_Narrative_0001.txt,B
Access_2_Narrative_0002.txt,B
Access_2_Narrative_0003.txt,B
Access_2_Narrative_0004.txt,B
Access_2_Narrative_0005.txt,B
Access_2_Narrative_0006.txt,B
Access_2_Narrative_0007.txt,B
Access_2_Narrative_0008.txt,B
Access_2_Narrative_0009.txt,B
Access_2_Narrative_0010.txt,B
Access_2_Narrative_0011.txt,B
Access_2_Narrative_0012.txt,B
Access_2_Narrative_0013.txt,B
Access_2_Narrative_0014.txt,B
Access_2_Personal_0001.txt,B
Access_2_Personal_0002.txt,B
Access_2_Poetry_0001.txt,B
Access_2_Spoken_0001.txt,B
Access_2_Spoken_0002.txt,B
Access_2_Spoken_0003.txt,B
Access_2_Spoken_0004.txt,B
Access_2_Spoken_0005.txt,B
Access_2_Spoken_0006.txt,B
Access_2_Spoken_0007.txt,B
Access_2_Spoken_0008.txt,B
Access_2_Spoken_0009.txt,B
Access_2_Spoken_0010.txt,B
Access_2_Spoken_0011.txt,B
Access_2_Spoken_0012.txt,B
Access_2_Spoken_0013.txt,B
Access_2_Spoken_0014.txt,B
Access_2_Spoken_0015.txt,B
Access_2_Spoken_0016.txt,B
Access_2_Spoken_0017.txt,B
Access_2_Spoken_0018.txt,B
Access_2_Spoken_0019.txt,B
Access_2_Spoken_0020.txt,B
Access_2_Spoken_0021.txt,B
Access_2_Spoken_0022.txt,B
Access_2_Spoken_0023.txt,B
Access_2_Spoken_0024.txt,B
Access_2_Spoken_0025.txt,B
Access_2_Spoken_0026.txt,B
Access_2_Spoken_0027.txt,B
Access_2_Spoken_0028.txt,B
Access_3_Informative_0001.txt,C
Access_3_Informative_0002.txt,C
Access_3_Informative_0003.txt,C
Access_3_Informative_0004.txt,C
Access_3_Informative_0005.txt,C
Access_3_Informative_0006.txt,C
Access_3_Informative_0007.txt,C
Access_3_Instructional_0001.txt,C
Access_3_Instructional_0002.txt,C
Access_3_Instructional_0003.txt,C
Access_3_Instructional_0004.txt,C
Access_3_Instructional_0005.txt,C
Access_3_Instructional_0006.txt,C
Access_3_Instructional_0007.txt,C
Access_3_Instructional_0008.txt,C
Access_3_Instructional_0009.txt,C
Access_3_Instructional_0010.txt,C
Access_3_Instructional_0011.txt,C
Access_3_Instructional_0012.txt,C
Access_3_Instructional_0013.txt,C
Access_3_Instructional_0014.txt,C
Access_3_Narrative_0001.txt,C
Access_3_Narrative_0002.txt,C
Access_3_Narrative_0003.txt,C
Access_3_Narrative_0004.txt,C
Access_3_Narrative_0005.txt,C
Access_3_Narrative_0006.txt,C
Access_3_Narrative_0007.txt,C
Access_3_Narrative_0008.txt,C
Access_3_Narrative_0009.txt,C
Access_3_Narrative_0010.txt,C
Access_3_Narrative_0011.txt,C
Access_3_Narrative_0012.txt,C
Access_3_Narrative_0013.txt,C
Access_3_Narrative_0014.txt,C
Access_3_Narrative_0015.txt,C
Access_3_Narrative_0016.txt,C
Access_3_Personal_0001.txt,C
Access_3_Personal_0002.txt,C
Access_3_Personal_0003.txt,C
Access_3_Personal_0004.txt,C
Access_3_Poetry_0001.txt,C
Access_3_Poetry_0002.txt,C
Access_3_Spoken_0001.txt,C
Access_3_Spoken_0002.txt,C
Access_3_Spoken_0003.txt,C
Access_3_Spoken_0004.txt,C
Access_3_Spoken_0005.txt,C
Access_3_Spoken_0006.txt,C
Access_3_Spoken_0007.txt,C
Access_3_Spoken_0008.txt,C
Access_3_Spoken_0009.txt,C
Access_3_Spoken_0010.txt,C
Access_3_Spoken_0011.txt,C
Access_3_Spoken_0012.txt,C
Access_3_Spoken_0013.txt,C
Access_3_Spoken_0014.txt,C
Access_3_Spoken_0015.txt,C
Access_3_Spoken_0016.txt,C
Access_3_Spoken_0017.txt,C
Access_3_Spoken_0018.txt,C
Access_3_Spoken_0019.txt,C
Access_3_Spoken_0020.txt,C
Access_3_Spoken_0021.txt,C
Access_3_Spoken_0022.txt,C
Access_3_Spoken_0023.txt,C
Access_3_Spoken_0024.txt,C
Access_3_Spoken_0025.txt,C
Access_3_Spoken_0026.txt,C
Access_3_Spoken_0027.txt,C
Access_3_Spoken_0028.txt,C
Access_3_Spoken_0029.txt,C
Access_3_Spoken_0030.txt,C
Access_3_Spoken_0031.txt,C
Access_3_Spoken_0032.txt,C
Access_3_Spoken_0033.txt,C
Access_3_Spoken_0034.txt,C
Access_3_Spoken_0035.txt,C
Access_3_Spoken_0036.txt,C
Access_3_Spoken_0037.txt,C
Access_3_Spoken_0038.txt,C
Access_3_Spoken_0039.txt,C
Access_3_Spoken_0040.txt,C
Access_3_Spoken_0041.txt,C
Access_3_Spoken_0042.txt,C
Access_3_Spoken_0043.txt,C
Access_3_Spoken_0044.txt,C
Access_3_Spoken_0045.txt,C
Access_3_Spoken_0046.txt,C
Access_3_Spoken_0047.txt,C
Access_3_Spoken_0048.txt,C
Access_4_Informative_0001.txt,D
Access_4_Informative_0002.txt,D
Access_4_Informative_0003.txt,D
Access_4_Informative_0004.txt,D
Access_4_Informative_0005.txt,D
Access_4_Informative_0006.txt,D
Access_4_Informative_0007.txt,D
Access_4_Informative_0008.txt,D
Access_4_Informative_0009.txt,D
Access_4_Informative_0010.txt,D
Access_4_Informative_0011.txt,D
Access_4_Informative_0012.txt,D
Access_4_Informative_0013.txt,D
Access_4_Instructional_0001.txt,D
Access_4_Instructional_0002.txt,D
Access_4_Instructional_0003.txt,D
Access_4_Instructional_0004.txt,D
Access_4_Instructional_0005.txt,D
Access_4_Instructional_0006.txt,D
Access_4_Instructional_0007.txt,D
Access_4_Instructional_0008.txt,D
Access_4_Instructional_0009.txt,D
Access_4_Instructional_0010.txt,D
Access_4_Instructional_0011.txt,D
Access_4_Instructional_0012.txt,D
Access_4_Instructional_0013.txt,D
Access_4_Instructional_0014.txt,D
Access_4_Instructional_0015.txt,D
Access_4_Instructional_0016.txt,D
Access_4_Narrative_0001.txt,D
Access_4_Narrative_0002.txt,D
Access_4_Narrative_0003.txt,D
Access_4_Narrative_0004.txt,D
Access_4_Narrative_0005.txt,D
Access_4_Narrative_0006.txt,D
Access_4_Narrative_0007.txt,D
Access_4_Narrative_0008.txt,D
Access_4_Narrative_0009.txt,D
Access_4_Narrative_00091.txt,D
Access_4_Narrative_0010.txt,D
Access_4_Narrative_0011.txt,D
Access_4_Narrative_0012.txt,D
Access_4_Narrative_0013.txt,D
Access_4_Narrative_0014.txt,D
Access_4_Personal_0001.txt,D
Access_4_Personal_0002.txt,D
Access_4_Personal_0003.txt,D
Access_4_Poetry_0001.txt,D
Access_4_Poetry_0002.txt,D
Access_4_Poetry_0003.txt,D
Access_4_Spoken_0001.txt,D
Access_4_Spoken_0002.txt,D
Access_4_Spoken_0003.txt,D
Access_4_Spoken_0004.txt,D
Access_4_Spoken_0005.txt,D
Access_4_Spoken_0006.txt,D
Access_4_Spoken_0007.txt,D
Access_4_Spoken_0008.txt,D
Access_4_Spoken_0009.txt,D
Access_4_Spoken_0010.txt,D
Access_4_Spoken_0011.txt,D
Access_4_Spoken_0012.txt,D
Access_4_Spoken_0013.txt,D
Access_4_Spoken_0014.txt,D
Access_4_Spoken_0015.txt,D
Access_4_Spoken_0016.txt,D
Access_4_Spoken_0017.txt,D
Access_4_Spoken_0018.txt,D
Access_4_Spoken_0019.txt,D
Access_4_Spoken_0020.txt,D
Access_4_Spoken_0021.txt,D
Access_4_Spoken_0022.txt,D
Access_5_Informative_0001.txt,E
Access_5_Informative_0002.txt,E
Access_5_Informative_0003.txt,E
Access_5_Informative_0004.txt,E
Access_5_Informative_0005.txt,E
Access_5_Informative_0006.txt,E
Access_5_Informative_0007.txt,E
Access_5_Informative_0008.txt,E
Access_5_Informative_0009.txt,E
Access_5_Informative_0010.txt,E
Access_5_Informative_0011.txt,E
Access_5_Instructional_0001.txt,E
Access_5_Instructional_0002.txt,E
Access_5_Instructional_0003.txt,E
Access_5_Instructional_0004.txt,E
Access_5_Instructional_0005.txt,E
Access_5_Instructional_0006.txt,E
Access_5_Instructional_0007.txt,E
Access_5_Instructional_0008.txt,E
Access_5_Instructional_0009.txt,E
Access_5_Instructional_0010.txt,E
Access_5_Instructional_0011.txt,E
Access_5_Instructional_0012.txt,E
Access_5_Instructional_0013.txt,E
Access_5_Instructional_0014.txt,E
Access_5_Narrative_0001.txt,E
Access_5_Narrative_0002.txt,E
Access_5_Narrative_0003.txt,E
Access_5_Narrative_0004.txt,E
Access_5_Narrative_0005.txt,E
Access_5_Narrative_0006.txt,E
Access_5_Narrative_0007.txt,E
Access_5_Narrative_0008.txt,E
Access_5_Narrative_0009.txt,E
Access_5_Personal_0001.txt,E
Access_5_Personal_0002.txt,E
Access_5_Personal_0003.txt,E
Access_5_Poetry_0001.txt,E
Access_5_Poetry_0002.txt,E
Access_5_Spoken_0001.txt,E
Access_5_Spoken_0002.txt,E
Access_5_Spoken_0003.txt,E
Access_5_Spoken_0004.txt,E
Access_5_Spoken_0005.txt,E
Access_5_Spoken_0006.txt,E
Access_5_Spoken_0007.txt,E
Access_5_Spoken_0008.txt,E
Access_5_Spoken_0010.txt,E
Access_5_Spoken_0011.txt,E
Achievers_A1_Informative_0001.txt,A
Achievers_A1_Informative_0002.txt,A
Achievers_A1_Informative_0003.txt,A
Achievers_A1_Informative_0004.txt,A
Achievers_A1_Informative_0005.txt,A
Achievers_A1_Informative_0006.txt,A
Achievers_A1_Instructional_0001.txt,A
Achievers_A1_Instructional_0002.txt,A
Achievers_A1_Instructional_0003.txt,A
Achievers_A1_Instructional_0004.txt,A
Achievers_A1_Instructional_0005.txt,A
Achievers_A1_Instructional_0006.txt,A
Achievers_A1_Instructional_0007.txt,A
Achievers_A1_Instructional_0008.txt,A
Achievers_A1_Instructional_0009.txt,A
Achievers_A1_Instructional_0010.txt,A
Achievers_A1_Instructional_0011.txt,A
Achievers_A1_Instructional_0012.txt,A
Achievers_A1_Instructional_0013.txt,A
Achievers_A1_Instructional_0014.txt,A
Achievers_A1_Instructional_0015.txt,A
Achievers_A1_Instructional_0016.txt,A
Achievers_A1_Instructional_0017.txt,A
Achievers_A1_Instructional_0018.txt,A
Achievers_A1_Instructional_0019.txt,A
Achievers_A1_Narrative_0001.txt,A
Achievers_A1_Narrative_0002.txt,A
Achievers_A1_Narrative_0003.txt,A
Achievers_A1_Narrative_00031.txt,A
Achievers_A1_Personal_0001.txt,A
Achievers_A1_Personal_0002.txt,A
Achievers_A1_Personal_0003.txt,A
Achievers_A1_Spoken_0001.txt,A
Achievers_A1_Spoken_0002.txt,A
Achievers_A1_Spoken_0003.txt,A
Achievers_A2_Informative_0001.txt,B
Achievers_A2_Informative_0002.txt,B
Achievers_A2_Informative_0003.txt,B
Achievers_A2_Informative_0004.txt,B
Achievers_A2_Informative_0005.txt,B
Achievers_A2_Informative_0006.txt,B
Achievers_A2_Informative_0007.txt,B
Achievers_A2_Informative_0008.txt,B
Achievers_A2_Informative_0009.txt,B
Achievers_A2_Instructional_0001.txt,B
Achievers_A2_Instructional_0002.txt,B
Achievers_A2_Instructional_0003.txt,B
Achievers_A2_Instructional_0004.txt,B
Achievers_A2_Instructional_0005.txt,B
Achievers_A2_Instructional_0006.txt,B
Achievers_A2_Instructional_0007.txt,B
Achievers_A2_Instructional_0008.txt,B
Achievers_A2_Instructional_0009.txt,B
Achievers_A2_Instructional_0010.txt,B
Achievers_A2_Instructional_0011.txt,B
Achievers_A2_Instructional_0012.txt,B
Achievers_A2_Instructional_0013.txt,B
Achievers_A2_Instructional_0014.txt,B
Achievers_A2_Instructional_0015.txt,B
Achievers_A2_Instructional_0016.txt,B
Achievers_A2_Instructional_0017.txt,B
Achievers_A2_Instructional_0018.txt,B
Achievers_A2_Instructional_0019.txt,B
Achievers_A2_Instructional_0020.txt,B
Achievers_A2_Instructional_0021.txt,B
Achievers_A2_Narrative_0001.txt,B
Achievers_A2_Narrative_0002.txt,B
Achievers_A2_Narrative_00021.txt,B
Achievers_A2_Narrative_0003.txt,B
Achievers_A2_Narrative_0004.txt,B
Achievers_A2_Narrative_0005.txt,B
Achievers_A2_Personal_0001.txt,B
Achievers_A2_Personal_0002.txt,B
Achievers_A2_Personal_0003.txt,B
Achievers_A2_Spoken_0001.txt,B
Achievers_A2_Spoken_0002.txt,B
Achievers_A2_Spoken_0003.txt,B
Achievers_B1_Informative_0001.txt,C
Achievers_B1_Informative_0002.txt,C
Achievers_B1_Informative_0003.txt,C
Achievers_B1_Informative_0004.txt,C
Achievers_B1_Informative_0005.txt,C
Achievers_B1_Informative_0006.txt,C
Achievers_B1_Informative_0007.txt,C
Achievers_B1_Informative_0008.txt,C
Achievers_B1_Informative_0009.txt,C
Achievers_B1_Informative_0010.txt,C
Achievers_B1_Informative_0011.txt,C
Achievers_B1_Informative_0012.txt,C
Achievers_B1_Instructional_0001.txt,C
Achievers_B1_Instructional_0002.txt,C
Achievers_B1_Instructional_0003.txt,C
Achievers_B1_Instructional_0004.txt,C
Achievers_B1_Instructional_0005.txt,C
Achievers_B1_Instructional_0006.txt,C
Achievers_B1_Instructional_0007.txt,C
Achievers_B1_Instructional_0008.txt,C
Achievers_B1_Instructional_0009.txt,C
Achievers_B1_Instructional_0010.txt,C
Achievers_B1_Instructional_0011.txt,C
Achievers_B1_Instructional_0012.txt,C
Achievers_B1_Instructional_0013.txt,C
Achievers_B1_Instructional_0014.txt,C
Achievers_B1_Instructional_0015.txt,C
Achievers_B1_Instructional_0016.txt,C
Achievers_B1_Instructional_0017.txt,C
Achievers_B1_Instructional_0018.txt,C
Achievers_B1_Instructional_0019.txt,C
Achievers_B1_Instructional_0020.txt,C
Achievers_B1_Instructional_0021.txt,C
Achievers_B1_Instructional_0022.txt,C
Achievers_B1_Instructional_0023.txt,C
Achievers_B1_Narrative_0001.txt,C
Achievers_B1_Narrative_0002.txt,C
Achievers_B1_Narrative_0003.txt,C
Achievers_B1_Narrative_0004.txt,C
Achievers_B1_Narrative_0005.txt,C
Achievers_B1_Personal_0001.txt,C
Achievers_B1_Personal_0002.txt,C
Achievers_B1_Personal_0003.txt,C
Achievers_B1_Personal_0004.txt,C
Achievers_B1_plus_Informative_0001.txt,D
Achievers_B1_plus_Informative_0002.txt,D
Achievers_B1_plus_Informative_0003.txt,D
Achievers_B1_plus_Informative_0004.txt,D
Achievers_B1_plus_Informative_0005.txt,D
Achievers_B1_plus_Informative_0006.txt,D
Achievers_B1_plus_Informative_0007.txt,D
Achievers_B1_plus_Informative_0008.txt,D
Achievers_B1_plus_Informative_0009.txt,D
Achievers_B1_plus_Informative_0010.txt,D
Achievers_B1_plus_Informative_0011.txt,D
Achievers_B1_plus_Informative_0012.txt,D
Achievers_B1_plus_Informative_0013.txt,D
Achievers_B1_plus_Informative_0014.txt,D
Achievers_B1_plus_Informative_0015.txt,D
Achievers_B1_plus_Informative_0016.txt,D
Achievers_B1_plus_Informative_0017.txt,D
Achievers_B1_plus_Instructional_0001.txt,D
Achievers_B1_plus_Instructional_0002.txt,D
Achievers_B1_plus_Instructional_0003.txt,D
Achievers_B1_plus_Instructional_0004.txt,D
Achievers_B1_plus_Instructional_0005.txt,D
Achievers_B1_plus_Instructional_0006.txt,D
Achievers_B1_plus_Instructional_0007.txt,D
Achievers_B1_plus_Instructional_0008.txt,D
Achievers_B1_plus_Instructional_0009.txt,D
Achievers_B1_plus_Instructional_0010.txt,D
Achievers_B1_plus_Instructional_0011.txt,D
Achievers_B1_plus_Instructional_0012.txt,D
Achievers_B1_plus_Instructional_0013.txt,D
Achievers_B1_plus_Instructional_0014.txt,D
Achievers_B1_plus_Instructional_0015.txt,D
Achievers_B1_plus_Instructional_0016.txt,D
Achievers_B1_plus_Instructional_0017.txt,D
Achievers_B1_plus_Instructional_0018.txt,D
Achievers_B1_plus_Instructional_0019.txt,D
Achievers_B1_plus_Instructional_0020.txt,D
Achievers_B1_plus_Instructional_0021.txt,D
Achievers_B1_plus_Instructional_0022.txt,D
Achievers_B1_plus_Instructional_0023.txt,D
Achievers_B1_plus_Instructional_0024.txt,D
Achievers_B1_plus_Instructional_0025.txt,D
Achievers_B1_plus_Instructional_0026.txt,D
Achievers_B1_plus_Instructional_0027.txt,D
Achievers_B1_plus_Instructional_00271.txt,D
Achievers_B1_plus_Narrative_0001.txt,D
Achievers_B1_plus_Narrative_0002.txt,D
Achievers_B1_plus_Narrative_0003.txt,D
Achievers_B1_plus_Narrative_0004.txt,D
Achievers_B1_plus_Narrative_0005.txt,D
Achievers_B1_plus_Personal_0001.txt,D
Achievers_B1_plus_Personal_0002.txt,D
Achievers_B1_plus_Spoken_0001.txt,D
Achievers_B1_plus_Spoken_0002.txt,D
Achievers_B1_plus_Spoken_0003.txt,D
Achievers_B1_plus_Spoken_0004.txt,D
Achievers_B1_Spoken_0001.txt,C
Achievers_B1_Spoken_0002.txt,C
Achievers_B1_Spoken_0003.txt,C
Achievers_B1_Spoken_0004.txt,C
Achievers_B2_Informative_0001.txt,E
Achievers_B2_Informative_00011.txt,E
Achievers_B2_Informative_0002.txt,E
Achievers_B2_Informative_0003.txt,E
Achievers_B2_Informative_0004.txt,E
Achievers_B2_Informative_0005.txt,E
Achievers_B2_Informative_0006.txt,E
Achievers_B2_Informative_0007.txt,E
Achievers_B2_Informative_0008.txt,E
Achievers_B2_Informative_0009.txt,E
Achievers_B2_Informative_0010.txt,E
Achievers_B2_Informative_0011.txt,E
Achievers_B2_Informative_00111.txt,E
Achievers_B2_Informative_0012.txt,E
Achievers_B2_Informative_0013.txt,E
Achievers_B2_Informative_0014.txt,E
Achievers_B2_Informative_0015.txt,E
Achievers_B2_Informative_0016.txt,E
Achievers_B2_Informative_0017.txt,E
Achievers_B2_Instructional_0001.txt,E
Achievers_B2_Instructional_0002.txt,E
Achievers_B2_Instructional_0003.txt,E
Achievers_B2_Instructional_0004.txt,E
Achievers_B2_Instructional_0005.txt,E
Achievers_B2_Instructional_0006.txt,E
Achievers_B2_Instructional_0007.txt,E
Achievers_B2_Instructional_0008.txt,E
Achievers_B2_Instructional_0009.txt,E
Achievers_B2_Instructional_0010.txt,E
Achievers_B2_Instructional_0011.txt,E
Achievers_B2_Instructional_0012.txt,E
Achievers_B2_Instructional_0013.txt,E
Achievers_B2_Instructional_0014.txt,E
Achievers_B2_Instructional_0015.txt,E
Achievers_B2_Instructional_0016.txt,E
Achievers_B2_Instructional_0017.txt,E
Achievers_B2_Instructional_0018.txt,E
Achievers_B2_Instructional_0019.txt,E
Achievers_B2_Instructional_0020.txt,E
Achievers_B2_Instructional_0021.txt,E
Achievers_B2_Instructional_0022.txt,E
Achievers_B2_Instructional_0023.txt,E
Achievers_B2_Instructional_0024.txt,E
Achievers_B2_Instructional_0025.txt,E
Achievers_B2_Instructional_0026.txt,E
Achievers_B2_Instructional_0027.txt,E
Achievers_B2_Narrative_0001.txt,E
Achievers_B2_Narrative_0002.txt,E
Achievers_B2_Narrative_0003.txt,E
Achievers_B2_Narrative_00031.txt,E
Achievers_B2_Narrative_0004.txt,E
Achievers_B2_Narrative_0005.txt,E
Achievers_B2_Narrative_0006.txt,E
Achievers_B2_Narrative_0007.txt,E
Achievers_B2_Personal_0001.txt,E
Achievers_B2_Personal_0002.txt,E
Achievers_B2_Spoken_0001.txt,E
Achievers_B2_Spoken_0002.txt,E
Achievers_B2_Spoken_0003.txt,E
English_in_Mind_1_Informative_0001.txt,B
English_in_Mind_1_Informative_0002.txt,B
English_in_Mind_1_Informative_0003.txt,B
English_in_Mind_1_Informative_0004.txt,B
English_in_Mind_1_Informative_0005.txt,B
English_in_Mind_1_Informative_0006.txt,B
English_in_Mind_1_Informative_0007.txt,B
English_in_Mind_1_Instructional_0001.txt,B
English_in_Mind_1_Instructional_0002.txt,B
English_in_Mind_1_Instructional_0003.txt,B
English_in_Mind_1_Instructional_0004.txt,B
English_in_Mind_1_Instructional_0005.txt,B
English_in_Mind_1_Instructional_0006.txt,B
English_in_Mind_1_Instructional_0007.txt,B
English_in_Mind_1_Instructional_0008.txt,B
English_in_Mind_1_Instructional_0009.txt,B
English_in_Mind_1_Instructional_0010.txt,B
English_in_Mind_1_Instructional_0011.txt,B
English_in_Mind_1_Instructional_0012.txt,B
English_in_Mind_1_Instructional_0013.txt,B
English_in_Mind_1_Instructional_0014.txt,B
English_in_Mind_1_Personal_0001.txt,B
English_in_Mind_1_Personal_0002.txt,B
English_in_Mind_1_Poetry_0001.txt,B
English_in_Mind_1_Spoken_0001.txt,B
English_in_Mind_1_Spoken_0002.txt,B
English_in_Mind_1_Spoken_0003.txt,B
English_in_Mind_1_Spoken_0004.txt,B
English_in_Mind_1_Spoken_0005.txt,B
English_in_Mind_1_Spoken_0006.txt,B
English_in_Mind_1_Spoken_0007.txt,B
English_in_Mind_1_Spoken_0008.txt,B
English_in_Mind_1_Spoken_0009.txt,B
English_in_Mind_1_Spoken_0010.txt,B
English_in_Mind_1_Spoken_0011.txt,B
English_in_Mind_1_Spoken_0012.txt,B
English_in_Mind_1_Spoken_0013.txt,B
English_in_Mind_1_Spoken_0014.txt,B
English_in_Mind_1_Spoken_0015.txt,B
English_in_Mind_1_Spoken_0016.txt,B
English_in_Mind_1_Spoken_0017.txt,B
English_in_Mind_1_Spoken_0018.txt,B
English_in_Mind_1_Spoken_0019.txt,B
English_In_Mind_2_Informative_0001.txt,C
English_In_Mind_2_Informative_0002.txt,C
English_In_Mind_2_Informative_0003.txt,C
English_In_Mind_2_Informative_0004.txt,C
English_In_Mind_2_Informative_0005.txt,C
English_In_Mind_2_Informative_0006.txt,C
English_In_Mind_2_Informative_0007.txt,C
English_In_Mind_2_Informative_0008.txt,C
English_In_Mind_2_Informative_0009.txt,C
English_In_Mind_2_Informative_0010.txt,C
English_In_Mind_2_Instructional_0001.txt,C
English_In_Mind_2_Instructional_0002.txt,C
English_In_Mind_2_Instructional_0003.txt,C
English_In_Mind_2_Instructional_0004.txt,C
English_In_Mind_2_Instructional_0005.txt,C
English_In_Mind_2_Instructional_0006.txt,C
English_In_Mind_2_Instructional_0007.txt,C
English_In_Mind_2_Instructional_0008.txt,C
English_In_Mind_2_Instructional_0009.txt,C
English_In_Mind_2_Instructional_0010.txt,C
English_In_Mind_2_Instructional_0011.txt,C
English_In_Mind_2_Instructional_0012.txt,C
English_In_Mind_2_Instructional_0013.txt,C
English_In_Mind_2_Instructional_0014.txt,C
English_In_Mind_2_Personal_0001.txt,C
English_In_Mind_2_Personal_0002.txt,C
English_In_Mind_2_Spoken_0001.txt,C
English_In_Mind_2_Spoken_0002.txt,C
English_In_Mind_2_Spoken_0003.txt,C
English_In_Mind_2_Spoken_0004.txt,C
English_In_Mind_2_Spoken_0005.txt,C
English_In_Mind_2_Spoken_0006.txt,C
English_In_Mind_2_Spoken_0007.txt,C
English_In_Mind_2_Spoken_0008.txt,C
English_In_Mind_2_Spoken_0009.txt,C
English_in_Mind_3_Informative_0001.txt,C
English_in_Mind_3_Informative_0002.txt,C
English_in_Mind_3_Informative_0003.txt,C
English_in_Mind_3_Informative_0004.txt,C
English_in_Mind_3_Informative_0005.txt,C
English_in_Mind_3_Informative_0006.txt,C
English_in_Mind_3_Informative_0007.txt,C
English_in_Mind_3_Informative_0008.txt,C
English_in_Mind_3_Instructional_0001.txt,C
English_in_Mind_3_Instructional_0002.txt,C
English_in_Mind_3_Instructional_0003.txt,C
English_in_Mind_3_Instructional_0004.txt,C
English_in_Mind_3_Instructional_0005.txt,C
English_in_Mind_3_Instructional_0006.txt,C
English_in_Mind_3_Instructional_0007.txt,C
English_in_Mind_3_Instructional_0008.txt,C
English_in_Mind_3_Instructional_0009.txt,C
English_in_Mind_3_Instructional_0010.txt,C
English_in_Mind_3_Instructional_0011.txt,C
English_in_Mind_3_Instructional_0012.txt,C
English_in_Mind_3_Instructional_0013.txt,C
English_in_Mind_3_Instructional_0014.txt,C
English_in_Mind_3_Instructional_0015.txt,C
English_in_Mind_3_Narrative_0001.txt,C
English_in_Mind_3_Narrative_0002.txt,C
English_in_Mind_3_Narrative_0003.txt,C
English_in_Mind_3_Narrative_0004.txt,C
English_in_Mind_3_Narrative_0005.txt,C
English_in_Mind_3_Personal_0001.txt,C
English_in_Mind_3_Personal_0002.txt,C
English_in_Mind_3_Poetry_0001.txt,C
English_in_Mind_3_Spoken_0001.txt,C
English_in_Mind_3_Spoken_0002.txt,C
English_in_Mind_3_Spoken_0003.txt,C
English_in_Mind_3_Spoken_0004.txt,C
English_in_Mind_3_Spoken_0005.txt,C
English_in_Mind_3_Spoken_0006.txt,C
English_In_Mind_4_Informative_0001.txt,D
English_In_Mind_4_Informative_0002.txt,D
English_In_Mind_4_Informative_0003.txt,D
English_In_Mind_4_Informative_0004.txt,D
English_In_Mind_4_Informative_0005.txt,D
English_In_Mind_4_Informative_0006.txt,D
English_In_Mind_4_Informative_0007.txt,D
English_In_Mind_4_Informative_0008.txt,D
English_In_Mind_4_Informative_0009.txt,D
English_In_Mind_4_Informative_0010.txt,D
English_In_Mind_4_Informative_0011.txt,D
English_In_Mind_4_Informative_0012.txt,D
English_In_Mind_4_Informative_0013.txt,D
English_In_Mind_4_Informative_0014.txt,D
English_In_Mind_4_Informative_0015.txt,D
English_In_Mind_4_Instructional_0001.txt,D
English_In_Mind_4_Instructional_0002.txt,D
English_In_Mind_4_Instructional_0003.txt,D
English_In_Mind_4_Instructional_0004.txt,D
English_In_Mind_4_Instructional_0005.txt,D
English_In_Mind_4_Instructional_0006.txt,D
English_In_Mind_4_Instructional_0007.txt,D
English_In_Mind_4_Instructional_0008.txt,D
English_In_Mind_4_Instructional_0009.txt,D
English_In_Mind_4_Instructional_0010.txt,D
English_In_Mind_4_Instructional_0011.txt,D
English_In_Mind_4_Instructional_0012.txt,D
English_In_Mind_4_Instructional_0013.txt,D
English_In_Mind_4_Instructional_0014.txt,D
English_In_Mind_4_Instructional_0015.txt,D
English_In_Mind_4_Instructional_0016.txt,D
English_In_Mind_4_Narrative_0001.txt,D
English_In_Mind_4_Narrative_0002.txt,D
English_In_Mind_4_Narrative_0003.txt,D
English_In_Mind_4_Narrative_0004.txt,D
English_In_Mind_4_Personal_0001.txt,D
English_In_Mind_4_Personal_0002.txt,D
English_In_Mind_4_Personal_0003.txt,D
English_In_Mind_4_Poetry_0001.txt,D
English_In_Mind_4_Spoken_0001.txt,D
English_In_Mind_4_Spoken_0002.txt,D
English_In_Mind_4_Spoken_0003.txt,D
English_In_Mind_4_Spoken_0004.txt,D
English_In_Mind_4_Spoken_0005.txt,D
English_In_Mind_4_Spoken_0006.txt,D
English_in_Mind_Starter_Informative_0001.txt,A
English_in_Mind_Starter_Informative_0002.txt,A
English_in_Mind_Starter_Informative_0003.txt,A
English_in_Mind_Starter_Informative_0004.txt,A
English_in_Mind_Starter_Informative_0005.txt,A
English_in_Mind_Starter_Instructional_0001.txt,A
English_in_Mind_Starter_Instructional_0002.txt,A
English_in_Mind_Starter_Instructional_0003.txt,A
English_in_Mind_Starter_Instructional_0004.txt,A
English_in_Mind_Starter_Instructional_0005.txt,A
English_in_Mind_Starter_Instructional_0006.txt,A
English_in_Mind_Starter_Instructional_0007.txt,A
English_in_Mind_Starter_Instructional_0008.txt,A
English_in_Mind_Starter_Instructional_0009.txt,A
English_in_Mind_Starter_Personal_0001.txt,A
English_in_Mind_Starter_Spoken_0001.txt,A
English_in_Mind_Starter_Spoken_0002.txt,A
English_in_Mind_Starter_Spoken_0003.txt,A
English_in_Mind_Starter_Spoken_0004.txt,A
English_in_Mind_Starter_Spoken_0005.txt,A
GreenLine_1_Informative_0001.txt,A
GreenLine_1_Informative_0002.txt,A
GreenLine_1_Instructional_0001.txt,A
GreenLine_1_Instructional_0002.txt,A
GreenLine_1_Instructional_0003.txt,A
GreenLine_1_Instructional_0004.txt,A
GreenLine_1_Instructional_0005.txt,A
GreenLine_1_Instructional_0006.txt,A
GreenLine_1_Instructional_0007.txt,A
GreenLine_1_Instructional_0008.txt,A
GreenLine_1_Instructional_0009.txt,A
GreenLine_1_Narrative_0001.txt,A
GreenLine_1_Narrative_0002.txt,A
GreenLine_1_Narrative_0003.txt,A
GreenLine_1_Narrative_0004.txt,A
GreenLine_1_Narrative_0005.txt,A
GreenLine_1_Narrative_0006.txt,A
GreenLine_1_Narrative_0007.txt,A
GreenLine_1_Narrative_0008.txt,A
GreenLine_1_Narrative_0009.txt,A
GreenLine_1_Narrative_0010.txt,A
GreenLine_1_Narrative_0011.txt,A
GreenLine_1_Poetry_0001.txt,A
GreenLine_1_Spoken_0001.txt,A
GreenLine_1_Spoken_0002.txt,A
GreenLine_1_Spoken_0003.txt,A
GreenLine_1_Spoken_0004.txt,A
GreenLine_1_Spoken_0005.txt,A
GreenLine_1_Spoken_0006.txt,A
GreenLine_1_Spoken_0007.txt,A
GreenLine_1_Spoken_0008.txt,A
GreenLine_1_Spoken_0009.txt,A
GreenLine_1_Spoken_0010.txt,A
GreenLine_1_Spoken_0011.txt,A
GreenLine_1_Spoken_0012.txt,A
GreenLine_2_Informative_0001.txt,B
GreenLine_2_Informative_0002.txt,B
GreenLine_2_Instructional_0001.txt,B
GreenLine_2_Instructional_0002.txt,B
GreenLine_2_Instructional_0003.txt,B
GreenLine_2_Instructional_0004.txt,B
GreenLine_2_Instructional_0005.txt,B
GreenLine_2_Instructional_0006.txt,B
GreenLine_2_Instructional_0007.txt,B
GreenLine_2_Instructional_0008.txt,B
GreenLine_2_Instructional_0009.txt,B
GreenLine_2_Instructional_0010.txt,B
GreenLine_2_Instructional_0011.txt,B
GreenLine_2_Narrative_0001.txt,B
GreenLine_2_Narrative_0002.txt,B
GreenLine_2_Narrative_0003.txt,B
GreenLine_2_Narrative_0004.txt,B
GreenLine_2_Narrative_0005.txt,B
GreenLine_2_Narrative_0006.txt,B
GreenLine_2_Narrative_0007.txt,B
GreenLine_2_Narrative_0008.txt,B
GreenLine_2_Narrative_0009.txt,B
GreenLine_2_Narrative_0010.txt,B
GreenLine_2_Narrative_0011.txt,B
GreenLine_2_Narrative_0012.txt,B
GreenLine_2_Narrative_0013.txt,B
GreenLine_2_Narrative_0014.txt,B
GreenLine_2_Narrative_0015.txt,B
GreenLine_2_Narrative_0016.txt,B
GreenLine_2_Personal_0001.txt,B
GreenLine_2_Poetry_0001.txt,B
GreenLine_2_Spoken_0001.txt,B
GreenLine_2_Spoken_0002.txt,B
GreenLine_2_Spoken_0003.txt,B
GreenLine_2_Spoken_0004.txt,B
GreenLine_2_Spoken_0005.txt,B
GreenLine_2_Spoken_0006.txt,B
GreenLine_3_ELF_Spoken_0001.txt,C
GreenLine_3_ELF_Spoken_0002.txt,C
GreenLine_3_ELF_Spoken_0003.txt,C
GreenLine_3_ELF_Spoken_0004.txt,C
GreenLine_3_ELF_Spoken_0005.txt,C
GreenLine_3_ELF_Spoken_0006.txt,C
GreenLine_3_ELF_Spoken_0007.txt,C
GreenLine_3_ELF_Spoken_0008.txt,C
GreenLine_3_Informative_0001.txt,C
GreenLine_3_Informative_0002.txt,C
GreenLine_3_Informative_0003.txt,C
GreenLine_3_Informative_0004.txt,C
GreenLine_3_Informative_0005.txt,C
GreenLine_3_Informative_0006.txt,C
GreenLine_3_Informative_0007.txt,C
GreenLine_3_Instructional_0001.txt,C
GreenLine_3_Instructional_0002.txt,C
GreenLine_3_Instructional_0003.txt,C
GreenLine_3_Instructional_0004.txt,C
GreenLine_3_Instructional_0005.txt,C
GreenLine_3_Instructional_0006.txt,C
GreenLine_3_Instructional_0007.txt,C
GreenLine_3_Instructional_0008.txt,C
GreenLine_3_Instructional_0009.txt,C
GreenLine_3_Instructional_0010.txt,C
GreenLine_3_Instructional_0011.txt,C
GreenLine_3_Instructional_0012.txt,C
GreenLine_3_Instructional_0013.txt,C
GreenLine_3_Instructional_0014.txt,C
GreenLine_3_Instructional_0015.txt,C
GreenLine_3_Instructional_0016.txt,C
GreenLine_3_Narrative_0001.txt,C
GreenLine_3_Narrative_0002.txt,C
GreenLine_3_Narrative_0003.txt,C
GreenLine_3_Narrative_0004.txt,C
GreenLine_3_Narrative_0005.txt,C
GreenLine_3_Narrative_0006.txt,C
GreenLine_3_Narrative_0007.txt,C
GreenLine_3_Narrative_0008.txt,C
GreenLine_3_Narrative_0009.txt,C
GreenLine_3_Narrative_0010.txt,C
GreenLine_3_Narrative_00101.txt,C
GreenLine_3_Narrative_0011.txt,C
GreenLine_3_Personal_0001.txt,C
GreenLine_3_Personal_0002.txt,C
GreenLine_3_Poetry_0001.txt,C
GreenLine_4_Informative_0001.txt,D
GreenLine_4_Informative_0002.txt,D
GreenLine_4_Informative_0003.txt,D
GreenLine_4_Informative_0004.txt,D
GreenLine_4_Informative_0005.txt,D
GreenLine_4_Informative_0006.txt,D
GreenLine_4_Informative_0007.txt,D
GreenLine_4_Informative_0008.txt,D
GreenLine_4_Informative_0009.txt,D
GreenLine_4_Informative_0010.txt,D
GreenLine_4_Informative_0011.txt,D
GreenLine_4_Informative_0012.txt,D
GreenLine_4_Instructional_0001.txt,D
GreenLine_4_Instructional_0002.txt,D
GreenLine_4_Instructional_0003.txt,D
GreenLine_4_Instructional_0004.txt,D
GreenLine_4_Instructional_0005.txt,D
GreenLine_4_Instructional_0006.txt,D
GreenLine_4_Instructional_0007.txt,D
GreenLine_4_Instructional_0008.txt,D
GreenLine_4_Instructional_0009.txt,D
GreenLine_4_Instructional_0010.txt,D
GreenLine_4_Instructional_0011.txt,D
GreenLine_4_Instructional_0012.txt,D
GreenLine_4_Instructional_0013.txt,D
GreenLine_4_Narrative_0001.txt,D
GreenLine_4_Narrative_0002.txt,D
GreenLine_4_Narrative_0003.txt,D
GreenLine_4_Narrative_0004.txt,D
GreenLine_4_Narrative_0005.txt,D
GreenLine_4_Narrative_0006.txt,D
GreenLine_4_Narrative_0007.txt,D
GreenLine_4_Narrative_0008.txt,D
GreenLine_4_Narrative_0009.txt,D
GreenLine_4_Narrative_0010.txt,D
GreenLine_4_Narrative_0011.txt,D
GreenLine_4_Narrative_0012.txt,D
GreenLine_4_Narrative_0013.txt,D
GreenLine_4_Narrative_0014.txt,D
GreenLine_4_Personal_0001.txt,D
GreenLine_4_Personal_0002.txt,D
GreenLine_4_Poetry_0001.txt,D
GreenLine_4_Spoken_0001.txt,D
GreenLine_4_Spoken_0002.txt,D
GreenLine_4_Spoken_0003.txt,D
GreenLine_4_Spoken_0004.txt,D
GreenLine_4_Spoken_0005.txt,D
GreenLine_5_Informative_0001.txt,E
GreenLine_5_Informative_0002.txt,E
GreenLine_5_Informative_0003.txt,E
GreenLine_5_Informative_0004.txt,E
GreenLine_5_Informative_0005.txt,E
GreenLine_5_Informative_0006.txt,E
GreenLine_5_Informative_0007.txt,E
GreenLine_5_Instructional_0001.txt,E
GreenLine_5_Instructional_0002.txt,E
GreenLine_5_Instructional_0003.txt,E
GreenLine_5_Instructional_0004.txt,E
GreenLine_5_Instructional_0005.txt,E
GreenLine_5_Instructional_0006.txt,E
GreenLine_5_Instructional_0007.txt,E
GreenLine_5_Instructional_0008.txt,E
GreenLine_5_Instructional_0009.txt,E
GreenLine_5_Instructional_0010.txt,E
GreenLine_5_Instructional_0011.txt,E
GreenLine_5_Instructional_0012.txt,E
GreenLine_5_Instructional_0013.txt,E
GreenLine_5_Narrative_0001.txt,E
GreenLine_5_Narrative_0002.txt,E
GreenLine_5_Narrative_0003.txt,E
GreenLine_5_Narrative_0004.txt,E
GreenLine_5_Narrative_0005.txt,E
GreenLine_5_Narrative_0006.txt,E
GreenLine_5_Narrative_0007.txt,E
GreenLine_5_Narrative_0008.txt,E
GreenLine_5_Narrative_0009.txt,E
GreenLine_5_Narrative_0010.txt,E
GreenLine_5_Narrative_0011.txt,E
GreenLine_5_Narrative_0012.txt,E
GreenLine_5_Narrative_0013.txt,E
GreenLine_5_Narrative_0014.txt,E
GreenLine_5_Personal_0001.txt,E
GreenLine_5_Personal_0002.txt,E
GreenLine_5_Poetry_0001.txt,E
GreenLine_5_Poetry_0002.txt,E
GreenLine_5_Spoken_0001.txt,E
GreenLine_5_Spoken_0002.txt,E
GreenLine_5_Spoken_0003.txt,E
GreenLine_5_Spoken_0004.txt,E
GreenLine_5_Spoken_0005.txt,E
GreenLine_5_Spoken_0006.txt,E
HT_3_Informative_0001.txt,D
HT_3_Informative_0002.txt,D
HT_3_Informative_0003.txt,D
HT_3_Informative_0004.txt,D
HT_3_Informative_0005.txt,D
HT_3_Informative_0006.txt,D
HT_3_Instructional_0001.txt,D
HT_3_Instructional_0002.txt,D
HT_3_Instructional_0003.txt,D
HT_3_Instructional_0004.txt,D
HT_3_Instructional_0005.txt,D
HT_3_Instructional_0006.txt,D
HT_3_Instructional_0007.txt,D
HT_3_Instructional_0008.txt,D
HT_3_Instructional_0009.txt,D
HT_3_Instructional_0010.txt,D
HT_3_Instructional_0011.txt,D
HT_3_Narrative_0001.txt,D
HT_3_Narrative_0002.txt,D
HT_3_Narrative_0003.txt,D
HT_3_Personal_0001.txt,D
HT_3_Poetry_0001.txt,D
HT_3_Spoken_0001.txt,D
HT_3_Spoken_0002.txt,D
HT_3_Spoken_0003.txt,D
HT_3_Spoken_0004.txt,D
HT_3_Spoken_0005.txt,D
HT_3_Spoken_0006.txt,D
HT_3_Spoken_0007.txt,D
HT_3_Spoken_0008.txt,D
HT_3_Spoken_0009.txt,D
HT_3_Spoken_0010.txt,D
HT_4_Informative_0001.txt,C
HT_4_Informative_0002.txt,C
HT_4_Informative_0003.txt,C
HT_4_Informative_0004.txt,C
HT_4_Informative_0005.txt,C
HT_4_Informative_0006.txt,C
HT_4_Instructional_0001.txt,C
HT_4_Instructional_0002.txt,C
HT_4_Instructional_0003.txt,C
HT_4_Instructional_0004.txt,C
HT_4_Instructional_0005.txt,C
HT_4_Instructional_0006.txt,C
HT_4_Instructional_0007.txt,C
HT_4_Instructional_0008.txt,C
HT_4_Instructional_0009.txt,C
HT_4_Instructional_0010.txt,C
HT_4_Instructional_0011.txt,C
HT_4_Narrative_0001.txt,C
HT_4_Narrative_0002.txt,C
HT_4_Narrative_0003.txt,C
HT_4_Narrative_0004.txt,C
HT_4_Personal_0001.txt,C
HT_4_Poetry_0001.txt,C
HT_4_Spoken_0001.txt,C
HT_4_Spoken_0002.txt,C
HT_4_Spoken_0003.txt,C
HT_4_Spoken_0004.txt,C
HT_4_Spoken_0005.txt,C
HT_4_Spoken_0006.txt,C
HT_4_Spoken_0007.txt,C
HT_4_Spoken_0008.txt,C
HT_4_Spoken_0009.txt,C
HT_4_Spoken_0010.txt,C
HT_4_Spoken_0011.txt,C
HT_5_ELF_Spoken_0001.txt,B
HT_5_ELF_Spoken_0002.txt,B
HT_5_ELF_Spoken_0003.txt,B
HT_5_ELF_Spoken_0004.txt,B
HT_5_ELF_Spoken_0005.txt,B
HT_5_ELF_Spoken_0006.txt,B
HT_5_ELF_Spoken_0007.txt,B
HT_5_ELF_Spoken_0008.txt,B
HT_5_ELF_Spoken_0009.txt,B
HT_5_Informative_0001.txt,B
HT_5_Informative_0002.txt,B
HT_5_Informative_0003.txt,B
HT_5_Informative_0004.txt,B
HT_5_Informative_0005.txt,B
HT_5_Instructional_0001.txt,B
HT_5_Instructional_0002.txt,B
HT_5_Instructional_0003.txt,B
HT_5_Instructional_0004.txt,B
HT_5_Instructional_0005.txt,B
HT_5_Instructional_0006.txt,B
HT_5_Instructional_0007.txt,B
HT_5_Instructional_0008.txt,B
HT_5_Instructional_0009.txt,B
HT_5_Narrative_0001.txt,B
HT_5_Narrative_0002.txt,B
HT_5_Personal_0001.txt,B
HT_5_Personal_0002.txt,B
HT_5_Poetry_0001.txt,B
HT_6_ELF_Spoken_0001.txt,A
HT_6_ELF_Spoken_0002.txt,A
HT_6_ELF_Spoken_0003.txt,A
HT_6_ELF_Spoken_0004.txt,A
HT_6_ELF_Spoken_0005.txt,A
HT_6_ELF_Spoken_0006.txt,A
HT_6_ELF_Spoken_0007.txt,A
HT_6_Informative_0001.txt,A
HT_6_Informative_0002.txt,A
HT_6_Informative_0003.txt,A
HT_6_Instructional_0001.txt,A
HT_6_Instructional_0002.txt,A
HT_6_Instructional_0003.txt,A
HT_6_Instructional_0004.txt,A
HT_6_Instructional_0005.txt,A
HT_6_Instructional_0006.txt,A
HT_6_Instructional_0007.txt,A
HT_6_Instructional_0008.txt,A
HT_6_Personal_0001.txt,A
HT_6_Personal_0002.txt,A
HT_6_Poetry_0001.txt,A
JTT_3_Informative_0001.txt,D
JTT_3_Informative_0002.txt,D
JTT_3_Informative_0003.txt,D
JTT_3_Informative_0004.txt,D
JTT_3_Informative_0005.txt,D
JTT_3_Informative_0006.txt,D
JTT_3_Informative_0007.txt,D
JTT_3_Informative_0008.txt,D
JTT_3_Instructional_0001.txt,D
JTT_3_Instructional_0002.txt,D
JTT_3_Instructional_0003.txt,D
JTT_3_Instructional_0004.txt,D
JTT_3_Instructional_0005.txt,D
JTT_3_Instructional_0006.txt,D
JTT_3_Instructional_0007.txt,D
JTT_3_Instructional_0008.txt,D
JTT_3_Instructional_0009.txt,D
JTT_3_Instructional_0010.txt,D
JTT_3_Narrative_0001.txt,D
JTT_3_Narrative_0002.txt,D
JTT_3_Narrative_0003.txt,D
JTT_3_Narrative_0004.txt,D
JTT_3_Narrative_0005.txt,D
JTT_3_Narrative_0006.txt,D
JTT_3_Narrative_0007.txt,D
JTT_3_Narrative_0008.txt,D
JTT_3_Personal_0001.txt,D
JTT_3_Spoken_0001.txt,D
JTT_3_Spoken_0002.txt,D
JTT_3_Spoken_0003.txt,D
JTT_3_Spoken_0004.txt,D
JTT_4_ELF_Spoken_0001.txt,C
JTT_4_ELF_Spoken_0002.txt,C
JTT_4_ELF_Spoken_0003.txt,C
JTT_4_ELF_Spoken_0005.txt,C
JTT_4_Informative_0001.txt,C
JTT_4_Informative_0002.txt,C
JTT_4_Informative_0003.txt,C
JTT_4_Informative_0004.txt,C
JTT_4_Informative_0005.txt,C
JTT_4_Informative_00051.txt,C
JTT_4_Informative_0006.txt,C
JTT_4_Informative_0007.txt,C
JTT_4_Instructional_0001.txt,C
JTT_4_Instructional_0002.txt,C
JTT_4_Instructional_0003.txt,C
JTT_4_Instructional_0004.txt,C
JTT_4_Instructional_0005.txt,C
JTT_4_Instructional_0006.txt,C
JTT_4_Instructional_0007.txt,C
JTT_4_Instructional_0008.txt,C
JTT_4_Instructional_0009.txt,C
JTT_4_Instructional_0010.txt,C
JTT_4_Instructional_0011.txt,C
JTT_4_Narrative_0001.txt,C
JTT_4_Narrative_0002.txt,C
JTT_4_Narrative_0003.txt,C
JTT_4_Narrative_0004.txt,C
JTT_4_Narrative_0005.txt,C
JTT_4_Personal_0001.txt,C
JTT_4_Personal_0002.txt,C
JTT_5_ELF_Spoken_0001.txt,B
JTT_5_ELF_Spoken_0002.txt,B
JTT_5_ELF_Spoken_0003.txt,B
JTT_5_ELF_Spoken_0004.txt,B
JTT_5_ELF_Spoken_0005.txt,B
JTT_5_ELF_Spoken_0006.txt,B
JTT_5_Informative_0001.txt,B
JTT_5_Informative_00011.txt,B
JTT_5_Informative_0002.txt,B
JTT_5_Informative_00021.txt,B
JTT_5_Informative_0003.txt,B
JTT_5_Informative_0004.txt,B
JTT_5_Informative_0005.txt,B
JTT_5_Informative_0006.txt,B
JTT_5_Informative_0007.txt,B
JTT_5_Informative_0008.txt,B
JTT_5_Informative_0009.txt,B
JTT_5_Informative_0010.txt,B
JTT_5_Instructional_0001.txt,B
JTT_5_Instructional_00011.txt,B
JTT_5_Instructional_0002.txt,B
JTT_5_Instructional_0003.txt,B
JTT_5_Instructional_00031.txt,B
JTT_5_Instructional_0004.txt,B
JTT_5_Instructional_0005.txt,B
JTT_5_Instructional_00051.txt,B
JTT_5_Instructional_0006.txt,B
JTT_5_Instructional_00061.txt,B
JTT_5_Instructional_0007.txt,B
JTT_5_Instructional_00071.txt,B
JTT_5_Instructional_0008.txt,B
JTT_5_Instructional_0009.txt,B
JTT_5_Instructional_0010.txt,B
JTT_5_Instructional_0011.txt,B
JTT_5_Narrative_0001.txt,B
JTT_5_Narrative_00011.txt,B
JTT_5_Personal_0001.txt,B
JTT_5_Personal_0002.txt,B
JTT_5_Personal_0003.txt,B
JTT_5_Personal_0004.txt,B
JTT_5_Personal_0005.txt,B
JTT_5_Personal_0006.txt,B
JTT_5_Personal_0007.txt,B
JTT_5_Poetry_0001.txt,B
JTT_5_Poetry_0002.txt,B
JTT_5_Poetry_0003.txt,B
JTT_5_Poetry_0004.txt,B
JTT_5_Poetry_0005.txt,B
JTT_6_ELF_Spoken_0001.txt,A
JTT_6_ELF_Spoken_0002.txt,A
JTT_6_ELF_Spoken_0003.txt,A
JTT_6_ELF_Spoken_0004.txt,A
JTT_6_ELF_Spoken_0005.txt,A
JTT_6_Informative_0001.txt,A
JTT_6_Informative_0002.txt,A
JTT_6_Informative_0003.txt,A
JTT_6_Instructional_0001.txt,A
JTT_6_Instructional_0002.txt,A
JTT_6_Instructional_0003.txt,A
JTT_6_Instructional_0004.txt,A
JTT_6_Instructional_0005.txt,A
JTT_6_Instructional_0006.txt,A
JTT_6_Instructional_0007.txt,A
JTT_6_Narrative_0001.txt,A
JTT_6_Personal_0001.txt,A
JTT_6_Personal_0002.txt,A
JTT_6_Poetry_0001.txt,A
JTT_6_Poetry_0002.txt,A
NB_2_Informative_0001.txt,E
NB_2_Informative_0002.txt,E
NB_2_Informative_0003.txt,E
NB_2_Informative_0004.txt,E
NB_2_Informative_0005.txt,E
NB_2_Informative_0006.txt,E
NB_2_Informative_0007.txt,E
NB_2_Informative_0008.txt,E
NB_2_Informative_0009.txt,E
NB_2_Instructional_0001.txt,E
NB_2_Instructional_0002.txt,E
NB_2_Instructional_0003.txt,E
NB_2_Instructional_0004.txt,E
NB_2_Instructional_0005.txt,E
NB_2_Instructional_0006.txt,E
NB_2_Instructional_0007.txt,E
NB_2_Instructional_0008.txt,E
NB_2_Instructional_0009.txt,E
NB_2_Instructional_0010.txt,E
NB_2_Instructional_0011.txt,E
NB_2_Instructional_0012.txt,E
NB_2_Narrative_0001.txt,E
NB_2_Narrative_0002.txt,E
NB_2_Narrative_0003.txt,E
NB_2_Narrative_0004.txt,E
NB_2_Narrative_0005.txt,E
NB_2_Narrative_0006.txt,E
NB_2_Narrative_0007.txt,E
NB_2_Narrative_0008.txt,E
NB_2_Narrative_0009.txt,E
NB_2_Narrative_0010.txt,E
NB_2_Narrative_0011.txt,E
NB_2_Narrative_00111.txt,E
NB_2_Personal_0001.txt,E
NB_2_Spoken_0001.txt,E
NB_2_Spoken_0002.txt,E
NB_2_Spoken_0003.txt,E
NB_2_Spoken_0004.txt,E
NB_2_Spoken_0005.txt,E
NB_2_Spoken_0006.txt,E
NB_2_Spoken_0007.txt,E
NB_2_Spoken_0008.txt,E
NB_2_Spoken_0009.txt,E
NB_2_Spoken_0010.txt,E
New_GreenLine_1_Instructional_0001.txt,A
New_GreenLine_1_Instructional_0002.txt,A
New_GreenLine_1_Instructional_0003.txt,A
New_GreenLine_1_Instructional_0004.txt,A
New_GreenLine_1_Instructional_0005.txt,A
New_GreenLine_1_Instructional_0006.txt,A
New_GreenLine_1_Instructional_0007.txt,A
New_GreenLine_1_Instructional_0008.txt,A
New_GreenLine_1_Instructional_0009.txt,A
New_GreenLine_1_Instructional_0010.txt,A
New_GreenLine_1_Instructional_0011.txt,A
New_GreenLine_1_Instructional_0012.txt,A
New_GreenLine_1_Instructional_0013.txt,A
New_GreenLine_1_Narrative_0001.txt,A
New_GreenLine_1_Narrative_0002.txt,A
New_GreenLine_1_Narrative_0003.txt,A
New_GreenLine_1_Narrative_0004.txt,A
New_GreenLine_1_Narrative_0005.txt,A
New_GreenLine_1_Narrative_0006.txt,A
New_GreenLine_1_Narrative_0007.txt,A
New_GreenLine_1_Narrative_0008.txt,A
New_GreenLine_1_Narrative_0009.txt,A
New_GreenLine_1_Personal_0001.txt,A
New_GreenLine_1_Poetry_0001.txt,A
New_GreenLine_1_Spoken_0001.txt,A
New_GreenLine_1_Spoken_0002.txt,A
New_GreenLine_1_Spoken_0003.txt,A
New_GreenLine_1_Spoken_0004.txt,A
New_GreenLine_1_Spoken_0005.txt,A
New_GreenLine_1_Spoken_0006.txt,A
New_GreenLine_1_Spoken_0007.txt,A
New_GreenLine_1_Spoken_0008.txt,A
New_GreenLine_1_Spoken_0009.txt,A
New_GreenLine_1_Spoken_0010.txt,A
New_GreenLine_1_Spoken_0011.txt,A
New_GreenLine_1_Spoken_0012.txt,A
New_GreenLine_1_Spoken_0013.txt,A
New_GreenLine_1_Spoken_0014.txt,A
New_GreenLine_1_Spoken_0015.txt,A
New_GreenLine_2_Informative_0001.txt,B
New_GreenLine_2_Informative_0002.txt,B
New_GreenLine_2_Informative_0003.txt,B
New_GreenLine_2_Instructional_0001.txt,B
New_GreenLine_2_Instructional_0002.txt,B
New_GreenLine_2_Instructional_0003.txt,B
New_GreenLine_2_Instructional_0004.txt,B
New_GreenLine_2_Instructional_0005.txt,B
New_GreenLine_2_Instructional_0006.txt,B
New_GreenLine_2_Instructional_0007.txt,B
New_GreenLine_2_Instructional_0008.txt,B
New_GreenLine_2_Instructional_0009.txt,B
New_GreenLine_2_Instructional_0010.txt,B
New_GreenLine_2_Instructional_0011.txt,B
New_GreenLine_2_Instructional_0012.txt,B
New_GreenLine_2_Instructional_0013.txt,B
New_GreenLine_2_Instructional_0014.txt,B
New_GreenLine_2_Instructional_0015.txt,B
New_GreenLine_2_Instructional_0016.txt,B
New_GreenLine_2_Narrative_0001.txt,B
New_GreenLine_2_Narrative_0002.txt,B
New_GreenLine_2_Narrative_0003.txt,B
New_GreenLine_2_Narrative_0004.txt,B
New_GreenLine_2_Narrative_0005.txt,B
New_GreenLine_2_Narrative_0006.txt,B
New_GreenLine_2_Narrative_0007.txt,B
New_GreenLine_2_Narrative_0008.txt,B
New_GreenLine_2_Narrative_0009.txt,B
New_GreenLine_2_Narrative_0010.txt,B
New_GreenLine_2_Narrative_0011.txt,B
New_GreenLine_2_Narrative_0012.txt,B
New_GreenLine_2_Narrative_0013.txt,B
New_GreenLine_2_Narrative_0014.txt,B
New_GreenLine_2_Narrative_0015.txt,B
New_GreenLine_2_Personal_0001.txt,B
New_GreenLine_2_Personal_0002.txt,B
New_GreenLine_2_Spoken_0001.txt,B
New_GreenLine_2_Spoken_0002.txt,B
New_GreenLine_2_Spoken_0003.txt,B
New_GreenLine_2_Spoken_0004.txt,B
New_GreenLine_2_Spoken_0005.txt,B
New_GreenLine_2_Spoken_0006.txt,B
New_GreenLine_2_Spoken_0007.txt,B
New_GreenLine_2_Spoken_0008.txt,B
New_GreenLine_2_Spoken_0009.txt,B
New_GreenLine_2_Spoken_0010.txt,B
New_GreenLine_2_Spoken_0011.txt,B
New_GreenLine_2_Spoken_0012.txt,B
New_GreenLine_2_Spoken_0013.txt,B
New_GreenLine_2_Spoken_0014.txt,B
New_GreenLine_2_Spoken_0015.txt,B
New_GreenLine_2_Spoken_0016.txt,B
New_GreenLine_2_Spoken_0017.txt,B
New_GreenLine_2_Spoken_0018.txt,B
New_GreenLine_2_Spoken_0019.txt,B
New_GreenLine_2_Spoken_0020.txt,B
New_GreenLine_2_Spoken_0021.txt,B
New_GreenLine_2_Spoken_0022.txt,B
New_GreenLine_2_Spoken_0023.txt,B
New_GreenLine_2_Spoken_0025.txt,B
New_GreenLine_3_Informative_0001.txt,C
New_GreenLine_3_Informative_0002.txt,C
New_GreenLine_3_Informative_0003.txt,C
New_GreenLine_3_Informative_0004.txt,C
New_GreenLine_3_Instructional_0001.txt,C
New_GreenLine_3_Instructional_0002.txt,C
New_GreenLine_3_Instructional_0003.txt,C
New_GreenLine_3_Instructional_0004.txt,C
New_GreenLine_3_Instructional_0005.txt,C
New_GreenLine_3_Instructional_0006.txt,C
New_GreenLine_3_Instructional_0007.txt,C
New_GreenLine_3_Instructional_0008.txt,C
New_GreenLine_3_Instructional_0009.txt,C
New_GreenLine_3_Instructional_0010.txt,C
New_GreenLine_3_Instructional_0011.txt,C
New_GreenLine_3_Instructional_0012.txt,C
New_GreenLine_3_Instructional_0013.txt,C
New_GreenLine_3_Instructional_0014.txt,C
New_GreenLine_3_Instructional_0015.txt,C
New_GreenLine_3_Instructional_0016.txt,C
New_GreenLine_3_Instructional_0017.txt,C
New_GreenLine_3_Instructional_0018.txt,C
New_GreenLine_3_Instructional_0019.txt,C
New_GreenLine_3_Instructional_0020.txt,C
New_GreenLine_3_Narrative_0001.txt,C
New_GreenLine_3_Narrative_0002.txt,C
New_GreenLine_3_Narrative_0003.txt,C
New_GreenLine_3_Narrative_0004.txt,C
New_GreenLine_3_Narrative_0005.txt,C
New_GreenLine_3_Narrative_0006.txt,C
New_GreenLine_3_Narrative_0007.txt,C
New_GreenLine_3_Narrative_0008.txt,C
New_GreenLine_3_Personal_0001.txt,C
New_GreenLine_3_Personal_0002.txt,C
New_GreenLine_3_Poetry_0001.txt,C
New_GreenLine_3_Spoken_0001.txt,C
New_GreenLine_3_Spoken_0002.txt,C
New_GreenLine_3_Spoken_0003.txt,C
New_GreenLine_3_Spoken_0004.txt,C
New_GreenLine_3_Spoken_0005.txt,C
New_GreenLine_3_Spoken_0006.txt,C
New_GreenLine_3_Spoken_0007.txt,C
New_GreenLine_3_Spoken_0008.txt,C
New_GreenLine_3_Spoken_0009.txt,C
New_GreenLine_3_Spoken_0010.txt,C
New_GreenLine_3_Spoken_0011.txt,C
New_GreenLine_3_Spoken_0012.txt,C
New_GreenLine_3_Spoken_0013.txt,C
New_GreenLine_3_Spoken_0014.txt,C
New_GreenLine_3_Spoken_0015.txt,C
New_GreenLine_3_Spoken_0016.txt,C
New_GreenLine_3_Spoken_0017.txt,C
New_GreenLine_3_Spoken_0018.txt,C
New_GreenLine_3_Spoken_0019.txt,C
New_GreenLine_3_Spoken_0020.txt,C
New_GreenLine_4_Informative_0001.txt,D
New_GreenLine_4_Informative_0002.txt,D
New_GreenLine_4_Informative_0003.txt,D
New_GreenLine_4_Informative_0004.txt,D
New_GreenLine_4_Informative_0005.txt,D
New_GreenLine_4_Informative_0006.txt,D
New_GreenLine_4_Informative_0007.txt,D
New_GreenLine_4_Instructional_0001.txt,D
New_GreenLine_4_Instructional_0002.txt,D
New_GreenLine_4_Instructional_0003.txt,D
New_GreenLine_4_Instructional_0004.txt,D
New_GreenLine_4_Instructional_0005.txt,D
New_GreenLine_4_Instructional_0006.txt,D
New_GreenLine_4_Instructional_0007.txt,D
New_GreenLine_4_Instructional_0008.txt,D
New_GreenLine_4_Instructional_0009.txt,D
New_GreenLine_4_Instructional_0010.txt,D
New_GreenLine_4_Instructional_0011.txt,D
New_GreenLine_4_Instructional_0012.txt,D
New_GreenLine_4_Instructional_0013.txt,D
New_GreenLine_4_Instructional_0014.txt,D
New_GreenLine_4_Instructional_0015.txt,D
New_GreenLine_4_Instructional_0016.txt,D
New_GreenLine_4_Instructional_0017.txt,D
New_GreenLine_4_Instructional_0018.txt,D
New_GreenLine_4_Instructional_0019.txt,D
New_GreenLine_4_Instructional_0020.txt,D
New_GreenLine_4_Instructional_0021.txt,D
New_GreenLine_4_Narrative_0001.txt,D
New_GreenLine_4_Narrative_0002.txt,D
New_GreenLine_4_Narrative_0003.txt,D
New_GreenLine_4_Narrative_0004.txt,D
New_GreenLine_4_Narrative_0005.txt,D
New_GreenLine_4_Narrative_0006.txt,D
New_GreenLine_4_Narrative_0007.txt,D
New_GreenLine_4_Narrative_0008.txt,D
New_GreenLine_4_Narrative_0009.txt,D
New_GreenLine_4_Narrative_0010.txt,D
New_GreenLine_4_Narrative_0011.txt,D
New_GreenLine_4_Narrative_0012.txt,D
New_GreenLine_4_Narrative_0013.txt,D
New_GreenLine_4_Narrative_0014.txt,D
New_GreenLine_4_Narrative_0015.txt,D
New_GreenLine_4_Narrative_0016.txt,D
New_GreenLine_4_Personal_0001.txt,D
New_GreenLine_4_Personal_0002.txt,D
New_GreenLine_4_Personal_0003.txt,D
New_GreenLine_4_Personal_0004.txt,D
New_GreenLine_4_Spoken_0001.txt,D
New_GreenLine_4_Spoken_0002.txt,D
New_GreenLine_4_Spoken_0003.txt,D
New_GreenLine_4_Spoken_0004.txt,D
New_GreenLine_4_Spoken_0005.txt,D
New_GreenLine_4_Spoken_0006.txt,D
New_GreenLine_4_Spoken_0007.txt,D
New_GreenLine_4_Spoken_0008.txt,D
New_GreenLine_4_Spoken_0009.txt,D
New_GreenLine_4_Spoken_0010.txt,D
New_GreenLine_4_Spoken_0011.txt,D
New_GreenLine_4_Spoken_0012.txt,D
New_GreenLine_4_Spoken_0013.txt,D
New_GreenLine_4_Spoken_0014.txt,D
New_GreenLine_4_Spoken_0015.txt,D
New_GreenLine_4_Spoken_0016.txt,D
New_GreenLine_4_Spoken_0017.txt,D
New_GreenLine_4_Spoken_0018.txt,D
New_GreenLine_4_Spoken_0019.txt,D
New_GreenLine_4_Spoken_0020.txt,D
New_GreenLine_5_Informative_0001.txt,E
New_GreenLine_5_Informative_0002.txt,E
New_GreenLine_5_Informative_0003.txt,E
New_GreenLine_5_Informative_0004.txt,E
New_GreenLine_5_Informative_0005.txt,E
New_GreenLine_5_Informative_0006.txt,E
New_GreenLine_5_Informative_0007.txt,E
New_GreenLine_5_Informative_0008.txt,E
New_GreenLine_5_Informative_0009.txt,E
New_GreenLine_5_Informative_0010.txt,E
New_GreenLine_5_Informative_0011.txt,E
New_GreenLine_5_Informative_0012.txt,E
New_GreenLine_5_Informative_0013.txt,E
New_GreenLine_5_Instructional_0001.txt,E
New_GreenLine_5_Instructional_0002.txt,E
New_GreenLine_5_Instructional_0003.txt,E
New_GreenLine_5_Instructional_0004.txt,E
New_GreenLine_5_Instructional_0005.txt,E
New_GreenLine_5_Instructional_0006.txt,E
New_GreenLine_5_Instructional_0007.txt,E
New_GreenLine_5_Instructional_0008.txt,E
New_GreenLine_5_Instructional_0009.txt,E
New_GreenLine_5_Instructional_0010.txt,E
New_GreenLine_5_Instructional_0011.txt,E
New_GreenLine_5_Instructional_0012.txt,E
New_GreenLine_5_Instructional_0013.txt,E
New_GreenLine_5_Instructional_0014.txt,E
New_GreenLine_5_Instructional_0015.txt,E
New_GreenLine_5_Instructional_0016.txt,E
New_GreenLine_5_Instructional_0017.txt,E
New_GreenLine_5_Instructional_0018.txt,E
New_GreenLine_5_Instructional_0019.txt,E
New_GreenLine_5_Narrative_0001.txt,E
New_GreenLine_5_Narrative_0002.txt,E
New_GreenLine_5_Narrative_0003.txt,E
New_GreenLine_5_Narrative_0004.txt,E
New_GreenLine_5_Narrative_0005.txt,E
New_GreenLine_5_Narrative_0006.txt,E
New_GreenLine_5_Narrative_0007.txt,E
New_GreenLine_5_Narrative_0008.txt,E
New_GreenLine_5_Narrative_0009.txt,E
New_GreenLine_5_Narrative_00091.txt,E
New_GreenLine_5_Narrative_0011.txt,E
New_GreenLine_5_Narrative_00111.txt,E
New_GreenLine_5_Narrative_00112.txt,E
New_GreenLine_5_Narrative_0013.txt,E
New_GreenLine_5_Narrative_00131.txt,E
New_GreenLine_5_Narrative_0014.txt,E
New_GreenLine_5_Personal_0001.txt,E
New_GreenLine_5_Personal_0002.txt,E
New_GreenLine_5_Personal_0003.txt,E
New_GreenLine_5_Personal_0004.txt,E
New_GreenLine_5_Personal_0005.txt,E
New_GreenLine_5_Poetry_0001.txt,E
New_GreenLine_5_Spoken_0001.txt,E
New_GreenLine_5_Spoken_0002.txt,E
New_GreenLine_5_Spoken_0003.txt,E
New_GreenLine_5_Spoken_0004.txt,E
New_GreenLine_5_Spoken_0005.txt,E
New_GreenLine_5_Spoken_0006.txt,E
New_GreenLine_5_Spoken_0007.txt,E
New_GreenLine_5_Spoken_0008.txt,E
New_GreenLine_5_Spoken_0009.txt,E
New_GreenLine_5_Spoken_0010.txt,E
New_GreenLine_5_Spoken_0011.txt,E
New_GreenLine_5_Spoken_0012.txt,E
New_GreenLine_5_Spoken_0013.txt,E
New_GreenLine_5_Spoken_0014.txt,E
New_GreenLine_5_Spoken_0015.txt,E
New_GreenLine_5_Spoken_0016.txt,E
New_GreenLine_5_Spoken_0017.txt,E
New_GreenLine_5_Spoken_0018.txt,E
New_GreenLine_5_Spoken_0019.txt,E
New_GreenLine_5_Spoken_0020.txt,E
New_GreenLine_5_Spoken_0021.txt,E
New_GreenLine_5_Spoken_0022.txt,E
NM_2_Informative_0001.txt,E
NM_2_Informative_0002.txt,E
NM_2_Informative_0003.txt,E
NM_2_Informative_0004.txt,E
NM_2_Informative_0005.txt,E
NM_2_Informative_0006.txt,E
NM_2_Informative_0007.txt,E
NM_2_Informative_0008.txt,E
NM_2_Informative_0009.txt,E
NM_2_Informative_0010.txt,E
NM_2_Informative_0011.txt,E
NM_2_Informative_0012.txt,E
NM_2_Instructional_0001.txt,E
NM_2_Instructional_0002.txt,E
NM_2_Instructional_0003.txt,E
NM_2_Instructional_0004.txt,E
NM_2_Instructional_0005.txt,E
NM_2_Instructional_0006.txt,E
NM_2_Instructional_0007.txt,E
NM_2_Instructional_0008.txt,E
NM_2_Instructional_0009.txt,E
NM_2_Instructional_0010.txt,E
NM_2_Instructional_0011.txt,E
NM_2_Instructional_0012.txt,E
NM_2_Instructional_0013.txt,E
NM_2_Instructional_0014.txt,E
NM_2_Instructional_0015.txt,E
NM_2_Instructional_0016.txt,E
NM_2_Instructional_0017.txt,E
NM_2_Narrative_0001.txt,E
NM_2_Narrative_0002.txt,E
NM_2_Narrative_0003.txt,E
NM_2_Narrative_0004.txt,E
NM_2_Narrative_0005.txt,E
NM_2_Narrative_0006.txt,E
NM_2_Narrative_0007.txt,E
NM_2_Narrative_0008.txt,E
NM_2_Narrative_0009.txt,E
NM_2_Personal_0001.txt,E
NM_2_Poetry_0001.txt,E
NM_2_Spoken_0001.txt,E
NM_2_Spoken_0002.txt,E
NM_2_Spoken_0003.txt,E
NM_2_Spoken_0004.txt,E
NM_2_Spoken_0005.txt,E
NM_2_Spoken_0006.txt,E
NM_2_Spoken_0007.txt,E
NM_2_Spoken_0008.txt,E
NM_2_Spoken_0009.txt,E
NM_2_Spoken_0010.txt,E
NM_2_Spoken_0011.txt,E
NM_2_Spoken_0012.txt,E
NM_2_Spoken_0013.txt,E
NM_2_Spoken_0014.txt,E
NM_2_Spoken_0015.txt,E
NM_2_Spoken_0016.txt,E
NM_2_Spoken_0017.txt,E
NM_2_Spoken_0018.txt,E
NM_2_Spoken_0019.txt,E
Piece_of_cake_3e_Informative_0001.txt,D
Piece_of_cake_3e_Informative_0002.txt,D
Piece_of_cake_3e_Informative_0003.txt,D
Piece_of_cake_3e_Informative_0004.txt,D
Piece_of_cake_3e_Instructional_0001.txt,D
Piece_of_cake_3e_Instructional_0002.txt,D
Piece_of_cake_3e_Instructional_0003.txt,D
Piece_of_cake_3e_Instructional_0004.txt,D
Piece_of_cake_3e_Instructional_0005.txt,D
Piece_of_cake_3e_Instructional_0006.txt,D
Piece_of_cake_3e_Instructional_0007.txt,D
Piece_of_cake_3e_Instructional_0008.txt,D
Piece_of_cake_3e_Instructional_0009.txt,D
Piece_of_cake_3e_Narrative_0001.txt,D
Piece_of_cake_3e_Poetry_0001.txt,D
Piece_of_cake_3e_Spoken_0001.txt,D
Piece_of_cake_3e_Spoken_0002.txt,D
Piece_of_cake_3e_Spoken_0003.txt,D
Piece_of_cake_3e_Spoken_0004.txt,D
Piece_of_cake_3e_Spoken_0005.txt,D
Piece_of_cake_3e_Spoken_0006.txt,D
Piece_of_cake_3e_Spoken_0007.txt,D
Piece_of_cake_3e_Spoken_0008.txt,D
Piece_of_cake_3e_Spoken_0009.txt,D
Piece_of_cake_3e_Spoken_0010.txt,D
Piece_of_cake_3e_Spoken_0011.txt,D
Piece_of_cake_3e_Spoken_0012.txt,D
Piece_of_cake_3e_Spoken_0013.txt,D
Piece_of_cake_3e_Spoken_0014.txt,D
Piece_of_cake_3e_Spoken_0015.txt,D
Piece_of_cake_3e_Spoken_0016.txt,D
Piece_of_cake_3e_Spoken_0017.txt,D
Piece_of_cake_3e_Spoken_0018.txt,D
Piece_of_cake_3e_Spoken_0019.txt,D
Piece_of_cake_4e_Informative_0001.txt,C
Piece_of_cake_4e_Informative_0002.txt,C
Piece_of_cake_4e_Informative_0003.txt,C
Piece_of_cake_4e_Instructional_0001.txt,C
Piece_of_cake_4e_Instructional_0002.txt,C
Piece_of_cake_4e_Instructional_0003.txt,C
Piece_of_cake_4e_Instructional_0004.txt,C
Piece_of_cake_4e_Instructional_0005.txt,C
Piece_of_cake_4e_Instructional_0006.txt,C
Piece_of_cake_4e_Instructional_0007.txt,C
Piece_of_cake_4e_Instructional_0008.txt,C
Piece_of_cake_4e_Narrative_0002.txt,C
Piece_of_cake_4e_Personal_0001.txt,C
Piece_of_cake_4e_Poetry_0001.txt,C
Piece_of_cake_4e_Spoken_0001.txt,C
Piece_of_cake_4e_Spoken_0002.txt,C
Piece_of_cake_4e_Spoken_0003.txt,C
Piece_of_cake_4e_Spoken_0004.txt,C
Piece_of_cake_4e_Spoken_0005.txt,C
Piece_of_cake_4e_Spoken_0006.txt,C
Piece_of_cake_4e_Spoken_0007.txt,C
Piece_of_cake_4e_Spoken_0008.txt,C
Piece_of_cake_4e_Spoken_0009.txt,C
Piece_of_cake_4e_Spoken_0010.txt,C
Piece_of_cake_4e_Spoken_0011.txt,C
Piece_of_cake_4e_Spoken_0012.txt,C
Piece_of_cake_4e_Spoken_0013.txt,C
Piece_of_cake_5e_Informative_0001.txt,B
Piece_of_cake_5e_Informative_0002.txt,B
Piece_of_cake_5e_Informative_0003.txt,B
Piece_of_cake_5e_Instructional_0001.txt,B
Piece_of_cake_5e_Instructional_0002.txt,B
Piece_of_cake_5e_Instructional_0003.txt,B
Piece_of_cake_5e_Instructional_0004.txt,B
Piece_of_cake_5e_Instructional_0005.txt,B
Piece_of_cake_5e_Instructional_0006.txt,B
Piece_of_cake_5e_Instructional_0007.txt,B
Piece_of_cake_5e_Instructional_0008.txt,B
Piece_of_cake_5e_Instructional_0009.txt,B
Piece_of_cake_5e_Personal_0001.txt,B
Piece_of_cake_5e_Spoken_0001.txt,B
Piece_of_cake_5e_Spoken_0002.txt,B
Piece_of_cake_5e_Spoken_0003.txt,B
Piece_of_cake_5e_Spoken_0004.txt,B
Piece_of_cake_5e_Spoken_0005.txt,B
Piece_of_cake_5e_Spoken_0006.txt,B
Piece_of_cake_5e_Spoken_0007.txt,B
Piece_of_cake_6e_Informative_0001.txt,A
Piece_of_cake_6e_Informative_0002.txt,A
Piece_of_cake_6e_Instructional_0001.txt,A
Piece_of_cake_6e_Instructional_0002.txt,A
Piece_of_cake_6e_Instructional_0003.txt,A
Piece_of_cake_6e_Instructional_0004.txt,A
Piece_of_cake_6e_Instructional_0005.txt,A
Piece_of_cake_6e_Instructional_0006.txt,A
Piece_of_cake_6e_Instructional_0007.txt,A
Piece_of_cake_6e_Instructional_0008.txt,A
Piece_of_cake_6e_Narrative_0001.txt,A
Piece_of_cake_6e_Spoken_0001.txt,A
Piece_of_cake_6e_Spoken_0002.txt,A
Piece_of_cake_6e_Spoken_0003.txt,A
Piece_of_cake_6e_Spoken_0004.txt,A
Piece_of_cake_6e_Spoken_0005.txt,A
Piece_of_cake_6e_Spoken_0006.txt,A
Solutions_Elementary_ELF_Spoken_0001.txt,A
Solutions_Elementary_ELF_Spoken_0002.txt,A
Solutions_Elementary_ELF_Spoken_0003.txt,A
Solutions_Elementary_ELF_Spoken_0004.txt,A
Solutions_Elementary_ELF_Spoken_0005.txt,A
Solutions_Elementary_ELF_Spoken_0006.txt,A
Solutions_Elementary_ELF_Spoken_0007.txt,A
Solutions_Elementary_ELF_Spoken_0008.txt,A
Solutions_Elementary_ELF_Spoken_0009.txt,A
Solutions_Elementary_ELF_Spoken_0010.txt,A
Solutions_Elementary_ELF_Spoken_0011.txt,A
Solutions_Elementary_ELF_Spoken_0012.txt,A
Solutions_Elementary_ELF_Spoken_0013.txt,A
Solutions_Elementary_ELF_Spoken_0014.txt,A
Solutions_Elementary_ELF_Spoken_0015.txt,A
Solutions_Elementary_ELF_Spoken_0016.txt,A
Solutions_Elementary_ELF_Spoken_0017.txt,A
Solutions_Elementary_ELF_Spoken_0018.txt,A
Solutions_Elementary_ELF_Spoken_0019.txt,A
Solutions_Elementary_ELF_Spoken_0020.txt,A
Solutions_Elementary_ELF_Spoken_0021.txt,A
Solutions_Elementary_ELF_Spoken_0022.txt,A
Solutions_Elementary_ELF_Spoken_0023.txt,A
Solutions_Elementary_ELF_Spoken_0024.txt,A
Solutions_Elementary_ELF_Spoken_0025.txt,A
Solutions_Elementary_ELF_Spoken_0026.txt,A
Solutions_Elementary_ELF_Spoken_0027.txt,A
Solutions_Elementary_Informative_0001.txt,A
Solutions_Elementary_Informative_0002.txt,A
Solutions_Elementary_Informative_0003.txt,A
Solutions_Elementary_Informative_0004.txt,A
Solutions_Elementary_Informative_0005.txt,A
Solutions_Elementary_Informative_0006.txt,A
Solutions_Elementary_Informative_0007.txt,A
Solutions_Elementary_Informative_0008.txt,A
Solutions_Elementary_Informative_0009.txt,A
Solutions_Elementary_Informative_0010.txt,A
Solutions_Elementary_Instructional_0001.txt,A
Solutions_Elementary_Instructional_0002.txt,A
Solutions_Elementary_Instructional_0003.txt,A
Solutions_Elementary_Instructional_0004.txt,A
Solutions_Elementary_Instructional_0005.txt,A
Solutions_Elementary_Instructional_0006.txt,A
Solutions_Elementary_Instructional_0007.txt,A
Solutions_Elementary_Instructional_0008.txt,A
Solutions_Elementary_Instructional_0009.txt,A
Solutions_Elementary_Instructional_0010.txt,A
Solutions_Elementary_Instructional_0011.txt,A
Solutions_Elementary_Instructional_0012.txt,A
Solutions_Elementary_Instructional_0013.txt,A
Solutions_Elementary_Instructional_0014.txt,A
Solutions_Elementary_Instructional_0015.txt,A
Solutions_Elementary_Instructional_0016.txt,A
Solutions_Elementary_Instructional_0017.txt,A
Solutions_Elementary_Instructional_0018.txt,A
Solutions_Elementary_Instructional_0019.txt,A
Solutions_Elementary_Instructional_0020.txt,A
Solutions_Elementary_Narrative_0001.txt,A
Solutions_Elementary_Personal_0001.txt,A
Solutions_Elementary_Personal_0002.txt,A
Solutions_Elementary_Personal_0003.txt,A
Solutions_Elementary_Poetry_0001.txt,A
Solutions_Intermediate_Informative_0001.txt,C
Solutions_Intermediate_Informative_0002.txt,C
Solutions_Intermediate_Informative_0003.txt,C
Solutions_Intermediate_Informative_0004.txt,C
Solutions_Intermediate_Informative_00041.txt,C
Solutions_Intermediate_Informative_0005.txt,C
Solutions_Intermediate_Informative_0006.txt,C
Solutions_Intermediate_Informative_0007.txt,C
Solutions_Intermediate_Informative_0008.txt,C
Solutions_Intermediate_Informative_0009.txt,C
Solutions_Intermediate_Informative_0010.txt,C
Solutions_Intermediate_Informative_0011.txt,C
Solutions_Intermediate_Informative_0012.txt,C
Solutions_Intermediate_Informative_00121.txt,C
Solutions_Intermediate_Informative_0013.txt,C
Solutions_Intermediate_Informative_0014.txt,C
Solutions_Intermediate_Informative_0015.txt,C
Solutions_Intermediate_Informative_0016.txt,C
Solutions_Intermediate_Informative_0017.txt,C
Solutions_Intermediate_Informative_0018.txt,C
Solutions_Intermediate_Informative_0019.txt,C
Solutions_Intermediate_Informative_0020.txt,C
Solutions_Intermediate_Informative_0021.txt,C
Solutions_Intermediate_Informative_0022.txt,C
Solutions_Intermediate_Informative_0023.txt,C
Solutions_Intermediate_Informative_0024.txt,C
Solutions_Intermediate_Informative_0025.txt,C
Solutions_Intermediate_Informative_0026.txt,C
Solutions_Intermediate_Informative_0027.txt,C
Solutions_Intermediate_Informative_0028.txt,C
Solutions_Intermediate_Instructional_0001.txt,C
Solutions_Intermediate_Instructional_0002.txt,C
Solutions_Intermediate_Instructional_0003.txt,C
Solutions_Intermediate_Instructional_0004.txt,C
Solutions_Intermediate_Instructional_0005.txt,C
Solutions_Intermediate_Instructional_0006.txt,C
Solutions_Intermediate_Instructional_0007.txt,C
Solutions_Intermediate_Instructional_0008.txt,C
Solutions_Intermediate_Instructional_0009.txt,C
Solutions_Intermediate_Instructional_0010.txt,C
Solutions_Intermediate_Instructional_0011.txt,C
Solutions_Intermediate_Instructional_0012.txt,C
Solutions_Intermediate_Instructional_0013.txt,C
Solutions_Intermediate_Instructional_0014.txt,C
Solutions_Intermediate_Instructional_0015.txt,C
Solutions_Intermediate_Instructional_0016.txt,C
Solutions_Intermediate_Instructional_0017.txt,C
Solutions_Intermediate_Instructional_0018.txt,C
Solutions_Intermediate_Instructional_0019.txt,C
Solutions_Intermediate_Instructional_0020.txt,C
Solutions_Intermediate_Instructional_0021.txt,C
Solutions_Intermediate_Instructional_0022.txt,C
Solutions_Intermediate_Instructional_0023.txt,C
Solutions_Intermediate_Instructional_0024.txt,C
Solutions_Intermediate_Instructional_0025.txt,C
Solutions_Intermediate_Instructional_0026.txt,C
Solutions_Intermediate_Instructional_0027.txt,C
Solutions_Intermediate_Instructional_0028.txt,C
Solutions_Intermediate_Narrative_0001.txt,C
Solutions_Intermediate_Narrative_0002.txt,C
Solutions_Intermediate_Personal_0001.txt,C
Solutions_Intermediate_Personal_0002.txt,C
Solutions_Intermediate_Plus_Informative_0001.txt,D
Solutions_Intermediate_Plus_Informative_0002.txt,D
Solutions_Intermediate_Plus_Informative_0003.txt,D
Solutions_Intermediate_Plus_Informative_0004.txt,D
Solutions_Intermediate_Plus_Informative_0005.txt,D
Solutions_Intermediate_Plus_Informative_0006.txt,D
Solutions_Intermediate_Plus_Informative_0007.txt,D
Solutions_Intermediate_Plus_Informative_00071.txt,D
Solutions_Intermediate_Plus_Informative_0008.txt,D
Solutions_Intermediate_Plus_Informative_0009.txt,D
Solutions_Intermediate_Plus_Informative_0010.txt,D
Solutions_Intermediate_Plus_Informative_0011.txt,D
Solutions_Intermediate_Plus_Informative_0012.txt,D
Solutions_Intermediate_Plus_Informative_0013.txt,D
Solutions_Intermediate_Plus_Informative_0014.txt,D
Solutions_Intermediate_Plus_Informative_00141.txt,D
Solutions_Intermediate_Plus_Informative_0015.txt,D
Solutions_Intermediate_Plus_Informative_0016.txt,D
Solutions_Intermediate_Plus_Informative_0017.txt,D
Solutions_Intermediate_Plus_Informative_0018.txt,D
Solutions_Intermediate_Plus_Informative_0019.txt,D
Solutions_Intermediate_Plus_Informative_0020.txt,D
Solutions_Intermediate_Plus_Informative_0021.txt,D
Solutions_Intermediate_Plus_Informative_0022.txt,D
Solutions_Intermediate_Plus_Informative_0023.txt,D
Solutions_Intermediate_Plus_Instructional_0001.txt,D
Solutions_Intermediate_Plus_Instructional_0002.txt,D
Solutions_Intermediate_Plus_Instructional_0003.txt,D
Solutions_Intermediate_Plus_Instructional_0004.txt,D
Solutions_Intermediate_Plus_Instructional_0005.txt,D
Solutions_Intermediate_Plus_Instructional_0006.txt,D
Solutions_Intermediate_Plus_Instructional_0007.txt,D
Solutions_Intermediate_Plus_Instructional_0008.txt,D
Solutions_Intermediate_Plus_Instructional_0009.txt,D
Solutions_Intermediate_Plus_Instructional_0010.txt,D
Solutions_Intermediate_Plus_Instructional_0011.txt,D
Solutions_Intermediate_Plus_Instructional_0012.txt,D
Solutions_Intermediate_Plus_Instructional_0013.txt,D
Solutions_Intermediate_Plus_Instructional_0014.txt,D
Solutions_Intermediate_Plus_Instructional_0015.txt,D
Solutions_Intermediate_Plus_Instructional_0016.txt,D
Solutions_Intermediate_Plus_Instructional_0017.txt,D
Solutions_Intermediate_Plus_Instructional_0018.txt,D
Solutions_Intermediate_Plus_Instructional_0019.txt,D
Solutions_Intermediate_Plus_Instructional_0020.txt,D
Solutions_Intermediate_Plus_Instructional_0021.txt,D
Solutions_Intermediate_Plus_Instructional_0022.txt,D
Solutions_Intermediate_Plus_Instructional_0023.txt,D
Solutions_Intermediate_Plus_Narrative_0001.txt,D
Solutions_Intermediate_Plus_Narrative_0002.txt,D
Solutions_Intermediate_Plus_Personal_0001.txt,D
Solutions_Intermediate_Plus_Spoken_0001.txt,D
Solutions_Intermediate_Plus_Spoken_0002.txt,D
Solutions_Intermediate_Plus_Spoken_0003.txt,D
Solutions_Intermediate_Plus_Spoken_0004.txt,D
Solutions_Intermediate_Plus_Spoken_0005.txt,D
Solutions_Intermediate_Plus_Spoken_0006.txt,D
Solutions_Intermediate_Plus_Spoken_0007.txt,D
Solutions_Intermediate_Plus_Spoken_0009.txt,D
Solutions_Intermediate_Plus_Spoken_0010.txt,D
Solutions_Intermediate_Plus_Spoken_0011.txt,D
Solutions_Intermediate_Plus_Spoken_0012.txt,D
Solutions_Intermediate_Plus_Spoken_0013.txt,D
Solutions_Intermediate_Plus_Spoken_0014.txt,D
Solutions_Intermediate_Plus_Spoken_0015.txt,D
Solutions_Intermediate_Plus_Spoken_0016.txt,D
Solutions_Intermediate_Plus_Spoken_0017.txt,D
Solutions_Intermediate_Plus_Spoken_0018.txt,D
Solutions_Intermediate_Plus_Spoken_0019.txt,D
Solutions_Intermediate_Plus_Spoken_0020.txt,D
Solutions_Intermediate_Plus_Spoken_0021.txt,D
Solutions_Intermediate_Plus_Spoken_0022.txt,D
Solutions_Intermediate_Plus_Spoken_0023.txt,D
Solutions_Intermediate_Plus_Spoken_0024.txt,D
Solutions_Intermediate_Plus_Spoken_0025.txt,D
Solutions_Intermediate_Plus_Spoken_0026.txt,D
Solutions_Intermediate_Plus_Spoken_0027.txt,D
Solutions_Intermediate_Plus_Spoken_0028.txt,D
Solutions_Intermediate_Plus_Spoken_0029.txt,D
Solutions_Intermediate_Plus_Spoken_0030.txt,D
Solutions_Intermediate_Plus_Spoken_0031.txt,D
Solutions_Intermediate_Plus_Spoken_0032.txt,D
Solutions_Intermediate_Plus_Spoken_0033.txt,D
Solutions_Intermediate_Plus_Spoken_0034.txt,D
Solutions_Intermediate_Plus_Spoken_0035.txt,D
Solutions_Intermediate_Plus_Spoken_0036.txt,D
Solutions_Intermediate_Plus_Spoken_0037.txt,D
Solutions_Intermediate_Plus_Spoken_0038.txt,D
Solutions_Intermediate_Plus_Spoken_0039.txt,D
Solutions_Intermediate_Plus_Spoken_0040.txt,D
Solutions_Intermediate_Plus_Spoken_0041.txt,D
Solutions_Intermediate_Plus_Spoken_0042.txt,D
Solutions_Intermediate_Plus_Spoken_0043.txt,D
Solutions_Intermediate_Poetry_0001.txt,C
Solutions_Intermediate_Spoken_0001.txt,C
Solutions_Intermediate_Spoken_0002.txt,C
Solutions_Intermediate_Spoken_0003.txt,C
Solutions_Intermediate_Spoken_0004.txt,C
Solutions_Intermediate_Spoken_0005.txt,C
Solutions_Intermediate_Spoken_0006.txt,C
Solutions_Intermediate_Spoken_0007.txt,C
Solutions_Intermediate_Spoken_0008.txt,C
Solutions_Intermediate_Spoken_0009.txt,C
Solutions_Intermediate_Spoken_0010.txt,C
Solutions_Intermediate_Spoken_0011.txt,C
Solutions_Intermediate_Spoken_0012.txt,C
Solutions_Intermediate_Spoken_0013.txt,C
Solutions_Intermediate_Spoken_0014.txt,C
Solutions_Intermediate_Spoken_0015.txt,C
Solutions_Intermediate_Spoken_0016.txt,C
Solutions_Intermediate_Spoken_0017.txt,C
Solutions_Intermediate_Spoken_0018.txt,C
Solutions_Intermediate_Spoken_0019.txt,C
Solutions_Intermediate_Spoken_0020.txt,C
Solutions_Intermediate_Spoken_0021.txt,C
Solutions_Intermediate_Spoken_0022.txt,C
Solutions_Intermediate_Spoken_0023.txt,C
Solutions_Intermediate_Spoken_0024.txt,C
Solutions_Intermediate_Spoken_0025.txt,C
Solutions_Intermediate_Spoken_0026.txt,C
Solutions_Intermediate_Spoken_0027.txt,C
Solutions_Intermediate_Spoken_0028.txt,C
Solutions_Intermediate_Spoken_0029.txt,C
Solutions_Intermediate_Spoken_0030.txt,C
Solutions_Intermediate_Spoken_0031.txt,C
Solutions_Intermediate_Spoken_0032.txt,C
Solutions_Intermediate_Spoken_0033.txt,C
Solutions_Intermediate_Spoken_0034.txt,C
Solutions_Intermediate_Spoken_0035.txt,C
Solutions_Intermediate_Spoken_0036.txt,C
Solutions_Intermediate_Spoken_0037.txt,C
Solutions_Intermediate_Spoken_0038.txt,C
Solutions_Intermediate_Spoken_0039.txt,C
Solutions_Intermediate_Spoken_0041.txt,C
Solutions_Pre-Intermediate_ELF_Spoken_0001.txt,B
Solutions_Pre-Intermediate_ELF_Spoken_0002.txt,B
Solutions_Pre-Intermediate_ELF_Spoken_0003.txt,B
Solutions_Pre-Intermediate_ELF_Spoken_0004.txt,B
Solutions_Pre-Intermediate_ELF_Spoken_0005.txt,B
Solutions_Pre-Intermediate_ELF_Spoken_0006.txt,B
Solutions_Pre-Intermediate_ELF_Spoken_0007.txt,B
Solutions_Pre-Intermediate_ELF_Spoken_0008.txt,B
Solutions_Pre-Intermediate_ELF_Spoken_0009.txt,B
Solutions_Pre-Intermediate_ELF_Spoken_0010.txt,B
Solutions_Pre-Intermediate_ELF_Spoken_0011.txt,B
Solutions_Pre-Intermediate_ELF_Spoken_0012.txt,B
Solutions_Pre-Intermediate_ELF_Spoken_0013.txt,B
Solutions_Pre-Intermediate_ELF_Spoken_0014.txt,B
Solutions_Pre-Intermediate_ELF_Spoken_0015.txt,B
Solutions_Pre-Intermediate_ELF_Spoken_0016.txt,B
Solutions_Pre-Intermediate_ELF_Spoken_0017.txt,B
Solutions_Pre-Intermediate_ELF_Spoken_0018.txt,B
Solutions_Pre-Intermediate_ELF_Spoken_0019.txt,B
Solutions_Pre-Intermediate_ELF_Spoken_0020.txt,B
Solutions_Pre-Intermediate_ELF_Spoken_0021.txt,B
Solutions_Pre-Intermediate_ELF_Spoken_0022.txt,B
Solutions_Pre-Intermediate_ELF_Spoken_0023.txt,B
Solutions_Pre-Intermediate_ELF_Spoken_0024.txt,B
Solutions_Pre-Intermediate_ELF_Spoken_0025.txt,B
Solutions_Pre-Intermediate_Informative_0001.txt,B
Solutions_Pre-Intermediate_Informative_0002.txt,B
Solutions_Pre-Intermediate_Informative_0003.txt,B
Solutions_Pre-Intermediate_Informative_0004.txt,B
Solutions_Pre-Intermediate_Informative_0005.txt,B
Solutions_Pre-Intermediate_Informative_0006.txt,B
Solutions_Pre-Intermediate_Informative_0007.txt,B
Solutions_Pre-Intermediate_Informative_0008.txt,B
Solutions_Pre-Intermediate_Informative_0009.txt,B
Solutions_Pre-Intermediate_Informative_0010.txt,B
Solutions_Pre-Intermediate_Informative_0011.txt,B
Solutions_Pre-Intermediate_Informative_0012.txt,B
Solutions_Pre-Intermediate_Informative_0013.txt,B
Solutions_Pre-Intermediate_Informative_0014.txt,B
Solutions_Pre-Intermediate_Informative_0015.txt,B
Solutions_Pre-Intermediate_Instructional_0001.txt,B
Solutions_Pre-Intermediate_Instructional_0002.txt,B
Solutions_Pre-Intermediate_Instructional_0003.txt,B
Solutions_Pre-Intermediate_Instructional_0004.txt,B
Solutions_Pre-Intermediate_Instructional_0005.txt,B
Solutions_Pre-Intermediate_Instructional_0006.txt,B
Solutions_Pre-Intermediate_Instructional_0007.txt,B
Solutions_Pre-Intermediate_Instructional_0008.txt,B
Solutions_Pre-Intermediate_Instructional_0009.txt,B
Solutions_Pre-Intermediate_Instructional_0010.txt,B
Solutions_Pre-Intermediate_Instructional_0011.txt,B
Solutions_Pre-Intermediate_Instructional_0012.txt,B
Solutions_Pre-Intermediate_Instructional_0013.txt,B
Solutions_Pre-Intermediate_Instructional_0014.txt,B
Solutions_Pre-Intermediate_Instructional_0015.txt,B
Solutions_Pre-Intermediate_Instructional_0016.txt,B
Solutions_Pre-Intermediate_Instructional_0017.txt,B
Solutions_Pre-Intermediate_Instructional_0018.txt,B
Solutions_Pre-Intermediate_Instructional_0019.txt,B
Solutions_Pre-Intermediate_Instructional_0020.txt,B
Solutions_Pre-Intermediate_Instructional_0021.txt,B
Solutions_Pre-Intermediate_Instructional_0022.txt,B
Solutions_Pre-Intermediate_Instructional_0023.txt,B
Solutions_Pre-Intermediate_Instructional_0024.txt,B
Solutions_Pre-Intermediate_Instructional_0025.txt,B
Solutions_Pre-Intermediate_Instructional_0026.txt,B
Solutions_Pre-Intermediate_Instructional_0027.txt,B
Solutions_Pre-Intermediate_Personal_0001.txt,B
Solutions_Pre-Intermediate_Personal_0002.txt,B
